,proba_de,proba_not_de,bayes_factor,scale1,scale2,pseudocounts,delta,lfc_mean,lfc_median,lfc_std,lfc_min,lfc_max,raw_mean1,raw_mean2,non_zeros_proportion1,non_zeros_proportion2,raw_normalized_mean1,raw_normalized_mean2,is_de_fdr_0.05,comparison,group1,group2
TTK,0.9489182692307693,0.051081730769230727,2.921895572538955,1.4031078e-05,1.6080152e-06,3.0160592e-09,0.25,2.8399088,2.823491,1.6035724,-3.933384,8.567819,0.10627693965517294,0.0047340226734770155,0.056438577586207336,0.004609443129438146,0.19563609150253208,0.008424172115342103,True,Cancer cells_vs_Macrophages,Cancer cells,Macrophages
RAD54B,0.9284855769230769,0.07151442307692313,2.5636555671586194,6.4007277e-06,7.803172e-07,3.0160592e-09,0.25,2.6552372,2.6761026,1.6386597,-4.6682796,8.984563,0.028825431034482683,0.001245795440388688,0.026131465517241305,0.001245795440388688,0.04275885725121372,0.001499442812989733,True,Cancer cells_vs_Macrophages,Cancer cells,Macrophages
POLE2,0.922676282051282,0.07732371794871795,2.4792775924274206,9.282395e-06,2.239707e-06,3.0160592e-09,0.25,1.9574805,1.9293985,1.2383081,-3.60001,6.7751703,0.05185883620689682,0.003363647689049457,0.04431573275862087,0.003363647689049457,0.07740881011256522,0.004289542909100972,True,Cancer cells_vs_Macrophages,Cancer cells,Macrophages
UBE2T,0.9196714743589743,0.08032852564102566,2.4378916033273303,7.225508e-05,8.105164e-06,3.0160592e-09,0.25,2.8313925,2.8788557,1.8264363,-5.5614977,7.771017,0.5647898706896498,0.03263984053818369,0.2425915948275906,0.026037124704123643,1.0653360512104424,0.043681214729506514,True,Cancer cells_vs_Macrophages,Cancer cells,Macrophages
CHEK1,0.9180689102564102,0.08193108974358976,2.4163938173049684,1.4255394e-05,2.8270501e-06,3.0160592e-09,0.25,2.3176699,2.3485641,1.4774071,-3.419775,7.5670404,0.08647629310344906,0.019434408870063577,0.07139008620689731,0.018437772517752624,0.12890108234517808,0.02587527744356908,True,Cancer cells_vs_Macrophages,Cancer cells,Macrophages
RFC4,0.9152644230769231,0.08473557692307687,2.3796773554286212,6.444193e-05,1.352468e-05,3.0160592e-09,0.25,2.061571,2.1110878,1.2806461,-3.6149197,6.186903,0.27922952586207117,0.03562974959511656,0.17093211206896838,0.03251526099414484,0.4311317437416015,0.05138127261680574,True,Cancer cells_vs_Macrophages,Cancer cells,Macrophages
EME1,0.9022435897435898,0.09775641025641024,2.2224056727547836,2.6612909e-06,5.8007e-07,3.0160592e-09,0.25,2.1032717,2.0586824,1.5212568,-4.884063,7.3563576,0.019531249999999955,0.002242431792699638,0.01831896551724134,0.002242431792699638,0.026556511718484114,0.0029888592063964437,True,Cancer cells_vs_Macrophages,Cancer cells,Macrophages
NEIL3,0.8990384615384616,0.10096153846153844,2.1865860912065447,4.681155e-06,4.604191e-07,3.0160592e-09,0.25,3.0327704,2.9731789,2.2353444,-6.036626,10.468639,0.024784482758620635,0.002242431792699638,0.020339439655172365,0.002242431792699638,0.03403552789641303,0.0026682823042317853,False,Cancer cells_vs_Macrophages,Cancer cells,Macrophages
FEN1,0.8932291666666666,0.10677083333333337,2.124158297998435,4.905759e-05,1.0737889e-05,3.0160592e-09,0.25,1.9922047,2.0197887,1.4234847,-4.8228188,7.911125,0.23410560344827824,0.03974087454839925,0.13806573275862286,0.033387317802416924,0.3652160990714279,0.05600843519604626,False,Cancer cells_vs_Macrophages,Cancer cells,Macrophages
XRCC2,0.8876201923076923,0.11237980769230771,2.0666595879589194,4.935489e-06,8.072858e-07,3.0160592e-09,0.25,2.2773607,2.2623968,1.69378,-4.0240536,9.480166,0.04175646551724146,0.0021178522486607694,0.036503232758620704,0.0019932727046219007,0.05534388995101548,0.0036744956207656124,False,Cancer cells_vs_Macrophages,Cancer cells,Macrophages
FANCI,0.7986778846153846,0.20132211538461542,1.3780514897372305,1.4170413e-05,4.644466e-06,3.0160592e-09,0.25,1.4252262,1.3699255,1.4320902,-4.118679,7.518939,0.10344827586206977,0.012457954403886903,0.07354525862069046,0.01158589759561482,0.16771352709045223,0.020578728191509833,False,Cancer cells_vs_Macrophages,Cancer cells,Macrophages
H2AFX,0.7708333333333334,0.22916666666666663,1.2130226091824645,5.4305056e-05,2.0746329e-05,3.0160592e-09,0.25,1.0929177,1.0245943,1.1644535,-3.89779,5.8102026,0.23908943965517535,0.09256260122087977,0.15086206896551968,0.07960632864083739,0.3419836328563242,0.15396641298385758,False,Cancer cells_vs_Macrophages,Cancer cells,Macrophages
RAD51,0.7630208333333334,0.23697916666666663,1.1693130734082182,1.0019467e-05,3.708619e-06,3.0160592e-09,0.25,1.2567549,1.2956467,1.4472702,-4.534813,6.0782375,0.05522629310344855,0.009094306714837432,0.04135237068965529,0.008097670362526482,0.09942952432403473,0.012266947022601945,False,Cancer cells_vs_Macrophages,Cancer cells,Macrophages
RRM2,0.7594150641025641,0.2405849358974359,1.1494752650390194,5.1979914e-05,1.3811192e-05,3.0160592e-09,0.25,1.6493872,1.6453185,1.9747224,-6.900278,7.733716,0.2289870689655185,0.038121340475893904,0.08970905172413908,0.015572443004858633,0.44173274042784977,0.03992270556161763,False,Cancer cells_vs_Macrophages,Cancer cells,Macrophages
BRIP1,0.7558092948717948,0.24419070512820518,1.1298395627622906,4.1005997e-06,1.2717779e-06,3.0160592e-09,0.25,1.5700486,1.5212908,1.9478128,-6.3043976,8.497212,0.026400862068965462,0.0047340226734770155,0.022225215517241322,0.004609443129438146,0.03250418830524154,0.006956237802552404,False,Cancer cells_vs_Macrophages,Cancer cells,Macrophages
RAD54L,0.7453926282051282,0.2546073717948718,1.0741884312967571,1.2936021e-05,4.167276e-06,3.0160592e-09,0.25,1.3998969,1.3763337,1.7409271,-5.1958,7.699176,0.038658405172413854,0.002865329512893982,0.03165409482758612,0.0024915908807773756,0.061298654163453134,0.003448182241891919,False,Cancer cells_vs_Macrophages,Cancer cells,Macrophages
EXO1,0.7439903846153846,0.2560096153846154,1.0668130813551726,4.319709e-06,1.2672666e-06,3.0160592e-09,0.25,1.465669,1.4838791,1.9186789,-7.006651,7.6443768,0.0413523706896552,0.0033636476890494572,0.030980603448275766,0.002865329512893982,0.05899669361875385,0.00274325172185379,False,Cancer cells_vs_Macrophages,Cancer cells,Macrophages
TYMS,0.7169471153846154,0.2830528846153846,0.9293683067004422,5.6228637e-05,2.0565803e-05,3.0160592e-09,0.25,1.2320698,1.2081404,1.694083,-4.971924,7.104394,0.2669719827586219,0.0534446243926748,0.1330818965517262,0.022299738382957568,0.41144852280305266,0.05728344392522047,False,Cancer cells_vs_Macrophages,Cancer cells,Macrophages
FANCD2,0.7035256410256411,0.2964743589743589,0.8641435684812405,5.081621e-06,2.2297695e-06,3.0160592e-09,0.25,1.0844103,1.02353,1.5286523,-4.4852276,7.270504,0.03838900862068971,0.013952908932353332,0.033539870689655124,0.01308085212408125,0.055742164925466214,0.01881212690155268,False,Cancer cells_vs_Macrophages,Cancer cells,Macrophages
BRCA1,0.694511217948718,0.30548878205128205,0.8212952383077012,1.2127316e-05,4.8586244e-06,3.0160592e-09,0.25,1.0403835,1.010725,1.6252196,-5.552553,7.692134,0.09226831896551792,0.02142768157468548,0.0666756465517248,0.01918524978198584,0.11451302353592634,0.026113359157105272,False,Cancer cells_vs_Macrophages,Cancer cells,Macrophages
FANCA,0.6500400641025641,0.3499599358974359,0.6192153058131019,1.6687516e-05,1.0126482e-05,3.0160592e-09,0.25,0.7309419,0.72078514,1.2656833,-4.113555,5.3785706,0.09630926724138023,0.037872181387816214,0.07327586206896632,0.03525601096299996,0.11583185952115005,0.05380275047397784,False,Cancer cells_vs_Macrophages,Cancer cells,Macrophages
CDC25C,0.6450320512820513,0.3549679487179487,0.5972724947049763,6.4841074e-06,2.490354e-06,3.0160592e-09,0.25,0.9579932,0.8546114,1.8025117,-5.725337,7.1806707,0.04108297413793112,0.0021178522486607694,0.02990301724137922,0.0019932727046219007,0.0703278003465587,0.003854973936905006,False,Cancer cells_vs_Macrophages,Cancer cells,Macrophages
CDC25A,0.5939503205128205,0.4060496794871795,0.3803201571887226,1.9708257e-06,1.0701386e-06,3.0160592e-09,0.25,0.64510566,0.6385803,1.5809815,-6.8253517,6.290736,0.0099676724137931,0.0013703749844275568,0.009563577586206894,0.001245795440388688,0.011353842383066425,0.002047881135734227,False,Cancer cells_vs_Macrophages,Cancer cells,Macrophages
POLQ,0.5162259615384616,0.48377403846153844,0.06492664326624686,4.448682e-06,2.3145776e-06,3.0160592e-09,0.25,0.3199392,0.33118248,2.0449905,-7.490633,7.731804,0.015490301724137909,0.003239068145010588,0.013469827586206877,0.0029899090569328506,0.020717238520384828,0.003784217101269111,False,Cancer cells_vs_Macrophages,Cancer cells,Macrophages
BLM,0.4947916666666667,0.5052083333333333,-0.020834086486130055,9.982622e-06,6.8047843e-06,3.0160592e-09,0.25,0.210109,0.23009491,1.4126288,-4.5217476,4.689311,0.0471443965517243,0.04185872679706002,0.038927801724138,0.03837049956397169,0.08224828622912823,0.06415271874478307,False,Cancer cells_vs_Macrophages,Cancer cells,Macrophages
FANCB,0.4389022435897436,0.5610977564102564,-0.2456184307027316,4.798855e-06,3.5148864e-06,3.0160592e-09,0.25,0.031223273,0.0049743652,1.5303315,-5.8879843,5.3823233,0.026670258620689585,0.00959262489099291,0.024245689655172348,0.009094306714837436,0.04650415340813736,0.01871458259404164,False,Cancer cells_vs_Macrophages,Cancer cells,Macrophages
TTK,0.8986378205128205,0.10136217948717952,2.18217995826452,1.3794585e-05,2.3550317e-06,3.0008365e-09,0.25,2.6997862,2.7843847,1.9316701,-4.3984785,9.283968,0.10627693965517294,0.019607843137254898,0.056438577586207336,0.019607843137254898,0.19563609150253208,0.041482194799146464,True,Cancer cells_vs_Langerhans cells,Cancer cells,Langerhans cells
CHEK1,0.8599759615384616,0.14002403846153844,1.815090266202676,1.3604562e-05,3.9808006e-06,3.0008365e-09,0.25,1.914054,1.9703846,1.5226082,-3.9591827,7.4236917,0.08647629310344906,0.018207282913165264,0.07139008620689731,0.01680672268907563,0.12890108234517808,0.027995682070270866,False,Cancer cells_vs_Langerhans cells,Cancer cells,Langerhans cells
EME1,0.8249198717948718,0.1750801282051282,1.5500424669378858,2.5766935e-06,9.599423e-07,3.0008365e-09,0.25,2.004302,2.0431652,2.0009935,-5.2708607,8.164804,0.019531249999999955,0.004201680672268907,0.01831896551724134,0.004201680672268907,0.026556511718484114,0.006403335086795414,False,Cancer cells_vs_Langerhans cells,Cancer cells,Langerhans cells
NEIL3,0.8060897435897436,0.1939102564102564,1.4247995853383182,4.2495567e-06,1.1630573e-06,3.0008365e-09,0.25,2.4715302,2.5944695,2.6693375,-8.246801,10.142872,0.024784482758620635,0.00980392156862745,0.020339439655172365,0.00980392156862745,0.03403552789641303,0.014153773956475671,False,Cancer cells_vs_Langerhans cells,Cancer cells,Langerhans cells
UBE2T,0.7852564102564102,0.21474358974358976,1.2965655573212915,6.926473e-05,2.1565842e-05,3.0008365e-09,0.25,1.8510664,1.9518499,2.1315463,-6.302026,7.5683336,0.5647898706896498,0.15126050420168058,0.2425915948275906,0.09803921568627441,1.0653360512104424,0.24473684143922214,False,Cancer cells_vs_Langerhans cells,Cancer cells,Langerhans cells
RAD54B,0.7836538461538461,0.21634615384615385,1.2870876775749576,6.2592017e-06,1.7022542e-06,3.0008365e-09,0.25,1.6637235,1.6747961,1.7672746,-5.093093,7.5810223,0.028825431034482683,0.0056022408963585435,0.026131465517241305,0.0056022408963585435,0.04275885725121372,0.007763582803460008,False,Cancer cells_vs_Langerhans cells,Cancer cells,Langerhans cells
RFC4,0.7762419871794872,0.22375801282051277,1.2438991109096915,6.181469e-05,2.6167207e-05,3.0008365e-09,0.25,1.3279973,1.4603195,1.4796054,-5.249259,5.5227785,0.27922952586207117,0.09943977591036408,0.17093211206896838,0.07703081232492995,0.4311317437416015,0.13628039095555683,False,Cancer cells_vs_Langerhans cells,Cancer cells,Langerhans cells
BRIP1,0.7431891025641025,0.25681089743589747,1.0626104926372342,3.99838e-06,1.6627367e-06,3.0008365e-09,0.25,1.5139855,1.5580654,2.120479,-6.6706657,9.876818,0.026400862068965462,0.011204481792717087,0.022225215517241322,0.008403361344537815,0.03250418830524154,0.024916228478530235,False,Cancer cells_vs_Langerhans cells,Cancer cells,Langerhans cells
XRCC2,0.6862980769230769,0.31370192307692313,0.7828687850268506,4.757036e-06,1.9973706e-06,3.0008365e-09,0.25,1.1598238,1.1209679,1.8532722,-5.2015915,9.579883,0.04175646551724146,0.00980392156862745,0.036503232758620704,0.00980392156862745,0.05534388995101548,0.013304943880769185,False,Cancer cells_vs_Langerhans cells,Cancer cells,Langerhans cells
RAD54L,0.6750801282051282,0.3249198717948718,0.7312527727072873,1.2449303e-05,6.3371294e-06,3.0008365e-09,0.25,1.0644534,1.1192055,1.9961978,-7.0031347,7.6768064,0.038658405172413854,0.012605042016806723,0.03165409482758612,0.012605042016806723,0.061298654163453134,0.03607508602772263,False,Cancer cells_vs_Langerhans cells,Cancer cells,Langerhans cells
POLE2,0.6518429487179487,0.3481570512820513,0.6271499685720947,8.944889e-06,5.5075147e-06,3.0008365e-09,0.25,0.68336743,0.71901894,1.2519219,-4.0272875,5.5683756,0.05185883620689682,0.019607843137254898,0.04431573275862087,0.018207282913165264,0.07740881011256522,0.04162473707193515,False,Cancer cells_vs_Langerhans cells,Cancer cells,Langerhans cells
EXO1,0.6420272435897436,0.3579727564102564,0.5841738418359191,4.140545e-06,2.3670966e-06,3.0008365e-09,0.25,0.90944886,0.99592304,2.1833699,-8.157923,7.7566624,0.0413523706896552,0.014005602240896359,0.030980603448275766,0.014005602240896359,0.05899669361875385,0.033987754936369796,False,Cancer cells_vs_Langerhans cells,Cancer cells,Langerhans cells
FANCI,0.6260016025641025,0.37399839743589747,0.5151014078650971,1.3676991e-05,8.942399e-06,3.0008365e-09,0.25,0.7254723,0.73237705,1.6679016,-5.718199,6.3197107,0.10344827586206977,0.04621848739495798,0.07354525862069046,0.03781512605042016,0.16771352709045223,0.06212926308992721,False,Cancer cells_vs_Langerhans cells,Cancer cells,Langerhans cells
FEN1,0.6133814102564102,0.38661858974358976,0.46154828475648296,4.8040318e-05,3.246332e-05,3.0008365e-09,0.25,0.6345973,0.7087803,1.6704365,-5.576585,7.4411964,0.23410560344827824,0.1820728291316526,0.13806573275862286,0.11484593837534998,0.3652160990714279,0.2968094125562433,False,Cancer cells_vs_Langerhans cells,Cancer cells,Langerhans cells
RAD51,0.6063701923076923,0.3936298076923077,0.43207977580535295,9.847325e-06,8.032195e-06,3.0008365e-09,0.25,0.56924963,0.6954899,1.6542221,-6.2096786,5.4412355,0.05522629310344855,0.04341736694677872,0.04135237068965529,0.033613445378151245,0.09942952432403473,0.08594397647098265,False,Cancer cells_vs_Langerhans cells,Cancer cells,Langerhans cells
BLM,0.5967548076923077,0.4032451923076923,0.3919615190319845,9.69659e-06,5.8836386e-06,3.0008365e-09,0.25,0.53431344,0.65091133,1.5640681,-6.55212,4.831312,0.0471443965517243,0.019607843137254898,0.038927801724138,0.018207282913165264,0.08224828622912823,0.044068749738661664,False,Cancer cells_vs_Langerhans cells,Cancer cells,Langerhans cells
FANCA,0.5550881410256411,0.4449118589743589,0.2212507165073463,1.6917478e-05,2.637249e-05,3.0008365e-09,0.25,-0.42495522,-0.44396114,1.275441,-5.428562,4.2767744,0.09630926724138023,0.0924369747899159,0.07327586206896632,0.08683473389355736,0.11583185952115005,0.16059965770740633,False,Cancer cells_vs_Langerhans cells,Cancer cells,Langerhans cells
CDC25A,0.546073717948718,0.45392628205128205,0.1848191669510636,1.973963e-06,1.500891e-06,3.0008365e-09,0.25,0.4520118,0.47545052,1.9284488,-6.16765,7.5163326,0.0099676724137931,0.008403361344537815,0.009563577586206894,0.008403361344537815,0.011353842383066425,0.012119067765848045,False,Cancer cells_vs_Langerhans cells,Cancer cells,Langerhans cells
H2AFX,0.5402644230769231,0.45973557692307687,0.16140719740290577,5.3964137e-05,4.1800715e-05,3.0008365e-09,0.25,0.3239661,0.36329842,1.3752162,-4.7595406,4.7561045,0.23908943965517535,0.32212885154061566,0.15086206896551968,0.18487394957983153,0.3419836328563242,0.45466323213136944,False,Cancer cells_vs_Langerhans cells,Cancer cells,Langerhans cells
BRCA1,0.5278445512820513,0.4721554487179487,0.11149355580483811,1.1623238e-05,8.6131e-06,3.0008365e-09,0.25,0.32129756,0.36445904,1.7146707,-6.889242,7.035124,0.09226831896551792,0.04061624649859944,0.0666756465517248,0.03781512605042016,0.11451302353592634,0.052797708450952226,False,Cancer cells_vs_Langerhans cells,Cancer cells,Langerhans cells
CDC25C,0.5258413461538461,0.47415865384615385,0.1034575634388959,6.259338e-06,5.049402e-06,3.0008365e-09,0.25,0.35354736,0.38848114,2.0227969,-7.261198,6.5454025,0.04108297413793112,0.019607843137254898,0.02990301724137922,0.01680672268907563,0.0703278003465587,0.021498761937224713,False,Cancer cells_vs_Langerhans cells,Cancer cells,Langerhans cells
FANCD2,0.5244391025641025,0.47556089743589747,0.09783436934042156,4.876905e-06,6.3767807e-06,3.0008365e-09,0.25,-0.3284657,-0.3389473,1.6434131,-6.735651,5.626894,0.03838900862068971,0.0392156862745098,0.033539870689655124,0.02941176470588234,0.055742164925466214,0.04397314719189374,False,Cancer cells_vs_Langerhans cells,Cancer cells,Langerhans cells
RRM2,0.5108173076923077,0.4891826923076923,0.04327598261603216,4.971855e-05,5.0720264e-05,3.0008365e-09,0.25,0.18313123,0.29740906,2.2443614,-9.293225,6.5512724,0.2289870689655185,0.2226890756302521,0.08970905172413908,0.07422969187675069,0.44173274042784977,0.37505600657741506,False,Cancer cells_vs_Langerhans cells,Cancer cells,Langerhans cells
POLQ,0.48096955128205127,0.5190304487179487,-0.07615858281621235,4.2941037e-06,3.154992e-06,3.0008365e-09,0.25,0.14327283,0.16261387,2.1625655,-7.635357,7.2742615,0.015490301724137909,0.018207282913165264,0.013469827586206877,0.018207282913165264,0.020717238520384828,0.03540990033247901,False,Cancer cells_vs_Langerhans cells,Cancer cells,Langerhans cells
TYMS,0.476963141025641,0.523036858974359,-0.09221272036539707,5.4338714e-05,6.610162e-05,3.0008365e-09,0.25,-0.17553453,-0.13625717,1.9076444,-6.4705667,5.730857,0.2669719827586219,0.34173669467787104,0.1330818965517262,0.09803921568627441,0.41144852280305266,0.4473930917421821,False,Cancer cells_vs_Langerhans cells,Cancer cells,Langerhans cells
FANCB,0.4621394230769231,0.5378605769230769,-0.15173274572289863,4.729055e-06,4.3750356e-06,3.0008365e-09,0.25,0.08819431,0.085585594,1.9546281,-6.7334585,6.87691,0.026670258620689585,0.025210084033613436,0.024245689655172348,0.025210084033613436,0.04650415340813736,0.05155749989953994,False,Cancer cells_vs_Langerhans cells,Cancer cells,Langerhans cells
CHEK1,0.9709535256410257,0.02904647435897434,3.5093811594481537,1.3720904e-05,1.5554591e-06,3.0551157e-09,0.25,3.2646778,3.3257198,1.5027764,-3.2827988,8.412746,0.08647629310344906,0.020477815699658706,0.07139008620689731,0.018771331058020476,0.12890108234517808,0.028007574527576764,True,Cancer cells_vs_Dendritic cells,Cancer cells,Dendritic cells
TTK,0.9705528846153846,0.02944711538461542,3.4952696082577557,1.3264892e-05,1.3104495e-06,3.0551157e-09,0.25,3.225761,3.096527,1.7829397,-2.8173504,11.76622,0.10627693965517294,0.0017064846416382253,0.056438577586207336,0.0017064846416382253,0.19563609150253208,0.0029652209237849268,True,Cancer cells_vs_Dendritic cells,Cancer cells,Dendritic cells
NEIL3,0.9509214743589743,0.04907852564102566,2.964009714767625,4.251128e-06,2.1479576e-07,3.0551157e-09,0.25,4.1710825,4.1130705,2.494081,-5.9960766,16.626106,0.024784482758620635,0.0,0.020339439655172365,0.0,0.03403552789641303,0.0,True,Cancer cells_vs_Dendritic cells,Cancer cells,Dendritic cells
RAD54L,0.9026442307692307,0.09735576923076927,2.2269564054542133,1.2290271e-05,1.9597894e-06,3.0551157e-09,0.25,2.5708473,2.596282,1.854043,-5.3300257,8.799286,0.038658405172413854,0.011945392491467576,0.03165409482758612,0.006825938566552901,0.061298654163453134,0.007640274985943786,True,Cancer cells_vs_Dendritic cells,Cancer cells,Dendritic cells
BRIP1,0.8908253205128205,0.10917467948717952,2.0991991154766714,3.9104875e-06,6.139426e-07,3.0551157e-09,0.25,2.5841405,2.6565676,1.9373194,-6.5536766,9.701062,0.026400862068965462,0.0017064846416382253,0.022225215517241322,0.0017064846416382253,0.03250418830524154,0.0027143067307749728,True,Cancer cells_vs_Dendritic cells,Cancer cells,Dendritic cells
EME1,0.882011217948718,0.11798878205128205,2.011615148688075,2.5410743e-06,5.2163057e-07,3.0551157e-09,0.25,2.1157286,2.0293903,1.6611189,-3.697506,8.810757,0.019531249999999955,0.0017064846416382253,0.01831896551724134,0.0017064846416382253,0.026556511718484114,0.0018251172637841978,False,Cancer cells_vs_Dendritic cells,Cancer cells,Dendritic cells
UBE2T,0.8727964743589743,0.12720352564102566,1.925913960068005,6.835306e-05,1.0033286e-05,3.0551157e-09,0.25,2.3591444,2.3558378,1.8749363,-4.452627,9.565038,0.5647898706896498,0.03924914675767918,0.2425915948275906,0.029010238907849834,1.0653360512104424,0.06799158436646816,False,Cancer cells_vs_Dendritic cells,Cancer cells,Dendritic cells
POLE2,0.8563701923076923,0.1436298076923077,1.7854634828250047,9.010119e-06,3.2980554e-06,3.0551157e-09,0.25,1.3981423,1.4375534,1.1767467,-4.1915836,6.543786,0.05185883620689682,0.008532423208191127,0.04431573275862087,0.006825938566552901,0.07740881011256522,0.004719234436882326,False,Cancer cells_vs_Dendritic cells,Cancer cells,Dendritic cells
FEN1,0.8455528846153846,0.15444711538461542,1.700138919298671,4.8632963e-05,1.43881025e-05,3.0551157e-09,0.25,1.7784183,1.835321,1.5895787,-6.208273,8.033836,0.23410560344827824,0.05802047781569965,0.13806573275862286,0.039249146757679175,0.3652160990714279,0.06969366929397598,False,Cancer cells_vs_Dendritic cells,Cancer cells,Dendritic cells
XRCC2,0.8353365384615384,0.16466346153846156,1.6239308709779647,4.853049e-06,1.0405835e-06,3.0551157e-09,0.25,1.970567,1.9608078,1.8072934,-5.2219524,9.867936,0.04175646551724146,0.0034129692832764505,0.036503232758620704,0.0034129692832764505,0.05534388995101548,0.0027599065156881228,False,Cancer cells_vs_Dendritic cells,Cancer cells,Dendritic cells
EXO1,0.8159054487179487,0.18409455128205132,1.4888489432291359,4.111302e-06,8.3448987e-07,3.0551157e-09,0.25,1.8664273,1.8937292,1.8612947,-7.5515184,9.957843,0.0413523706896552,0.0,0.030980603448275766,0.0,0.05899669361875385,0.0,False,Cancer cells_vs_Dendritic cells,Cancer cells,Dendritic cells
RFC4,0.8020833333333334,0.19791666666666663,1.3993664046284615,6.3955966e-05,2.0648282e-05,3.0551157e-09,0.25,1.6018531,1.6002216,1.5798564,-4.005147,7.7262907,0.27922952586207117,0.040955631399317405,0.17093211206896838,0.03583617747440273,0.4311317437416015,0.07854168369714878,False,Cancer cells_vs_Dendritic cells,Cancer cells,Dendritic cells
RAD54B,0.7954727564102564,0.2045272435897436,1.358235376644486,6.246629e-06,1.4701565e-06,3.0551157e-09,0.25,1.7191037,1.6343946,1.7388504,-4.6022015,9.927503,0.028825431034482683,0.0017064846416382253,0.026131465517241305,0.0017064846416382253,0.04275885725121372,0.0008494622139669598,False,Cancer cells_vs_Dendritic cells,Cancer cells,Dendritic cells
CDC25A,0.7772435897435898,0.22275641025641024,1.2496749257806856,1.9227043e-06,6.373573e-07,3.0551157e-09,0.25,1.5659614,1.5083475,1.827581,-7.333929,8.585418,0.0099676724137931,0.005119453924914676,0.009563577586206894,0.005119453924914676,0.011353842383066425,0.0034994984088909473,False,Cancer cells_vs_Dendritic cells,Cancer cells,Dendritic cells
BRCA1,0.7552083333333334,0.24479166666666663,1.1265861131008323,1.186619e-05,3.7632092e-06,3.0551157e-09,0.25,1.2963712,1.3151503,1.6173346,-5.5030355,9.631264,0.09226831896551792,0.018771331058020476,0.0666756465517248,0.015358361774744025,0.11451302353592634,0.019554596241217227,False,Cancer cells_vs_Dendritic cells,Cancer cells,Dendritic cells
RAD51,0.7471955128205128,0.2528044871794872,1.0837104433638214,9.860234e-06,4.3536897e-06,3.0551157e-09,0.25,1.1916786,1.1707335,1.5313941,-6.31721,8.009366,0.05522629310344855,0.0034129692832764505,0.04135237068965529,0.0034129692832764505,0.09942952432403473,0.0034168387838273144,False,Cancer cells_vs_Dendritic cells,Cancer cells,Dendritic cells
CDC25C,0.702323717948718,0.29767628205128205,0.8583878208483846,6.0597786e-06,1.8901236e-06,3.0551157e-09,0.25,1.3103522,1.2165613,1.8609926,-5.83078,9.441781,0.04108297413793112,0.0,0.02990301724137922,0.0,0.0703278003465587,0.0,False,Cancer cells_vs_Dendritic cells,Cancer cells,Dendritic cells
RRM2,0.7003205128205128,0.2996794871794872,0.848824559151196,5.019866e-05,1.8374945e-05,3.0551157e-09,0.25,1.2405905,1.2507963,1.9871849,-7.8611126,7.499956,0.2289870689655185,0.032423208191126277,0.08970905172413908,0.010238907849829351,0.44173274042784977,0.029834320433732995,False,Cancer cells_vs_Dendritic cells,Cancer cells,Dendritic cells
POLQ,0.6756810897435898,0.32431891025641024,0.7339938653500491,4.1773587e-06,1.3022145e-06,3.0551157e-09,0.25,1.1337224,1.1495113,2.0600219,-6.3681707,11.347483,0.015490301724137909,0.0017064846416382253,0.013469827586206877,0.0017064846416382253,0.020717238520384828,0.0017261628986832138,False,Cancer cells_vs_Dendritic cells,Cancer cells,Dendritic cells
H2AFX,0.6720753205128205,0.3279246794871795,0.7175864564191246,5.352414e-05,2.8966679e-05,3.0551157e-09,0.25,0.8192606,0.8695822,1.3655684,-3.9853897,5.400296,0.23908943965517535,0.09897610921501701,0.15086206896551968,0.07679180887372009,0.3419836328563242,0.18771634841755694,False,Cancer cells_vs_Dendritic cells,Cancer cells,Dendritic cells
FANCI,0.6674679487179487,0.3325320512820513,0.6967551068458483,1.3665941e-05,6.1985243e-06,3.0551157e-09,0.25,0.9975458,0.9100008,1.5700542,-4.4774723,7.95609,0.10344827586206977,0.01706484641638225,0.07354525862069046,0.0136518771331058,0.16771352709045223,0.0340096401963961,False,Cancer cells_vs_Dendritic cells,Cancer cells,Dendritic cells
FANCA,0.6326121794871795,0.3673878205128205,0.5434395305874578,1.6657166e-05,3.478728e-05,3.0551157e-09,0.25,-0.6930991,-0.72443914,1.3026791,-5.069316,5.1422234,0.09630926724138023,0.027303754266211608,0.07327586206896632,0.02559726962457338,0.11583185952115005,0.07184150303956958,False,Cancer cells_vs_Dendritic cells,Cancer cells,Dendritic cells
TYMS,0.6031650641025641,0.3968349358974359,0.41867047316299844,5.520978e-05,2.9768515e-05,3.0551157e-09,0.25,0.713961,0.72311354,1.7656803,-6.2089453,7.7910013,0.2669719827586219,0.049488054607508526,0.1330818965517262,0.01706484641638225,0.41144852280305266,0.03591878140648816,False,Cancer cells_vs_Dendritic cells,Cancer cells,Dendritic cells
FANCB,0.5278445512820513,0.4721554487179487,0.11149355580483811,4.5856405e-06,2.7168621e-06,3.0551157e-09,0.25,0.45921418,0.38349724,1.7628102,-6.510971,7.025834,0.026670258620689585,0.010238907849829351,0.024245689655172348,0.008532423208191127,0.04650415340813736,0.012888492391991777,False,Cancer cells_vs_Dendritic cells,Cancer cells,Dendritic cells
BLM,0.5044070512820513,0.4955929487179487,0.01762866129926799,9.710923e-06,6.82454e-06,3.0551157e-09,0.25,0.22065265,0.2623558,1.5325825,-5.1745625,5.405735,0.0471443965517243,0.02218430034129693,0.038927801724138,0.020477815699658702,0.08224828622912823,0.04895729393199155,False,Cancer cells_vs_Dendritic cells,Cancer cells,Dendritic cells
FANCD2,0.4941907051282051,0.5058092948717949,-0.023238224715297462,4.822728e-06,4.883643e-06,3.0551157e-09,0.25,-0.15807109,-0.22618484,1.5397418,-5.8423615,6.879739,0.03838900862068971,0.02559726962457338,0.033539870689655124,0.023890784982935155,0.055742164925466214,0.041407261939081674,False,Cancer cells_vs_Dendritic cells,Cancer cells,Dendritic cells
CHEK1,0.9921875,0.0078125,4.84418581653815,1.4141344e-05,9.2645e-07,2.9402918e-09,0.25,3.874964,3.879334,1.3970264,-2.3643055,8.3693905,0.08647629310344906,0.0,0.07139008620689731,0.0,0.12890108234517808,0.0,True,Cancer cells_vs_Granulocytes,Cancer cells,Granulocytes
POLE2,0.9885817307692307,0.011418269230769273,4.461055818359439,9.158432e-06,1.1018479e-06,2.9402918e-09,0.25,2.943528,2.9258537,1.1900935,-1.992693,7.56341,0.05185883620689682,0.0,0.04431573275862087,0.0,0.07740881011256522,0.0,True,Cancer cells_vs_Granulocytes,Cancer cells,Granulocytes
FEN1,0.9797676282051282,0.020232371794871806,3.8800310596472953,5.0185445e-05,4.8002485e-06,2.9402918e-09,0.25,3.1425896,3.0904617,1.4602094,-3.1961594,9.140247,0.23410560344827824,0.0041928721174004195,0.13806573275862286,0.0041928721174004195,0.3652160990714279,0.008900067636034868,True,Cancer cells_vs_Granulocytes,Cancer cells,Granulocytes
RAD54L,0.9719551282051282,0.028044871794871806,3.545503501171812,1.2602971e-05,9.684263e-07,2.9402918e-09,0.25,3.2818277,3.2306185,1.6555837,-3.6134443,8.409535,0.038658405172413854,0.0020964360587002098,0.03165409482758612,0.0020964360587002098,0.061298654163453134,0.011151255631384095,True,Cancer cells_vs_Granulocytes,Cancer cells,Granulocytes
UBE2T,0.9663461538461539,0.033653846153846145,3.3573944722092084,7.03018e-05,4.4180983e-06,2.9402918e-09,0.25,3.3764644,3.3947206,1.6834142,-1.9371815,8.629771,0.5647898706896498,0.012578616352201259,0.2425915948275906,0.008385744234800839,1.0653360512104424,0.04535351547586988,True,Cancer cells_vs_Granulocytes,Cancer cells,Granulocytes
EME1,0.9605368589743589,0.03946314102564108,3.19212501558941,2.5960128e-06,3.2316424e-07,2.9402918e-09,0.25,2.6764789,2.5843992,1.4783639,-2.120554,7.87146,0.019531249999999955,0.0,0.01831896551724134,0.0,0.026556511718484114,0.0,True,Cancer cells_vs_Granulocytes,Cancer cells,Granulocytes
RAD54B,0.9521233974358975,0.04787660256410253,2.9900675263150687,6.4436813e-06,6.251954e-07,2.9402918e-09,0.25,2.9000642,2.8352346,1.6279081,-3.048788,9.57222,0.028825431034482683,0.0,0.026131465517241305,0.0,0.04275885725121372,0.0,True,Cancer cells_vs_Granulocytes,Cancer cells,Granulocytes
BRIP1,0.9268830128205128,0.07311698717948723,2.539766509346242,4.0912146e-06,4.45858e-07,2.9402918e-09,0.25,2.9479542,2.9231215,1.8444078,-3.4167957,9.708061,0.026400862068965462,0.0,0.022225215517241322,0.0,0.03250418830524154,0.0,True,Cancer cells_vs_Granulocytes,Cancer cells,Granulocytes
EXO1,0.9164663461538461,0.08353365384615385,2.3952756471100725,4.242283e-06,4.2776335e-07,2.9402918e-09,0.25,2.6391444,2.6292677,1.7178196,-3.6686554,8.8097105,0.0413523706896552,0.0,0.030980603448275766,0.0,0.05899669361875385,0.0,True,Cancer cells_vs_Granulocytes,Cancer cells,Granulocytes
TYMS,0.9104567307692307,0.08954326923076927,2.319224311303662,5.6160578e-05,8.265381e-06,2.9402918e-09,0.25,2.4670217,2.4570417,1.6874185,-3.7169714,8.45651,0.2669719827586219,0.0041928721174004195,0.1330818965517262,0.0041928721174004195,0.41144852280305266,0.04218608173703577,True,Cancer cells_vs_Granulocytes,Cancer cells,Granulocytes
NEIL3,0.9100560897435898,0.08994391025641024,2.3143198778250884,4.356032e-06,3.178781e-07,2.9402918e-09,0.25,3.0829782,3.0125036,2.0885444,-5.3340664,10.383608,0.024784482758620635,0.0,0.020339439655172365,0.0,0.03403552789641303,0.0,True,Cancer cells_vs_Granulocytes,Cancer cells,Granulocytes
XRCC2,0.9048477564102564,0.09515224358974361,2.2522884375768144,4.942848e-06,6.90442e-07,2.9402918e-09,0.25,2.3657265,2.3300543,1.6257991,-3.4590282,8.065901,0.04175646551724146,0.0020964360587002098,0.036503232758620704,0.0020964360587002098,0.05534388995101548,0.006135311848698302,True,Cancer cells_vs_Granulocytes,Cancer cells,Granulocytes
RFC4,0.8942307692307693,0.10576923076923073,2.1347041369922315,6.5509535e-05,1.5595366e-05,2.9402918e-09,0.25,1.8381653,1.8913999,1.2202799,-3.2692204,5.656,0.27922952586207117,0.008385744234800839,0.17093211206896838,0.008385744234800839,0.4311317437416015,0.023705452935857026,True,Cancer cells_vs_Granulocytes,Cancer cells,Granulocytes
BRCA1,0.8858173076923077,0.11418269230769229,2.0487109242988617,1.2078853e-05,2.1196163e-06,2.9402918e-09,0.25,2.024035,2.0152311,1.4780499,-4.045082,7.703682,0.09226831896551792,0.0020964360587002098,0.0666756465517248,0.0020964360587002098,0.11451302353592634,0.0036033620809560155,True,Cancer cells_vs_Granulocytes,Cancer cells,Granulocytes
RRM2,0.8822115384615384,0.11778846153846156,2.0135414763811377,5.1394756e-05,6.2755166e-06,2.9402918e-09,0.25,2.4100838,2.3762474,1.8325802,-4.0846405,8.064025,0.2289870689655185,0.0041928721174004195,0.08970905172413908,0.0041928721174004195,0.44173274042784977,0.021235288562875355,False,Cancer cells_vs_Granulocytes,Cancer cells,Granulocytes
RAD51,0.8649839743589743,0.13501602564102566,1.8573174376580743,9.892596e-06,2.5524241e-06,2.9402918e-09,0.25,1.6318876,1.6284771,1.2783124,-3.5205555,5.8888073,0.05522629310344855,0.0,0.04135237068965529,0.0,0.09942952432403473,0.0,False,Cancer cells_vs_Granulocytes,Cancer cells,Granulocytes
TTK,0.8637820512820513,0.13621794871794868,1.8470642525839134,1.35475375e-05,2.760134e-06,2.9402918e-09,0.25,1.855123,1.790267,1.4825166,-3.7200165,7.2111807,0.10627693965517294,0.0,0.056438577586207336,0.0,0.19563609150253208,0.0,False,Cancer cells_vs_Granulocytes,Cancer cells,Granulocytes
CDC25A,0.8511618589743589,0.14883814102564108,1.7437428399586217,1.9844108e-06,4.2697846e-07,2.9402918e-09,0.25,1.7719746,1.7408686,1.5177635,-3.524788,7.551628,0.0099676724137931,0.0,0.009563577586206894,0.0,0.011353842383066425,0.0,False,Cancer cells_vs_Granulocytes,Cancer cells,Granulocytes
FANCI,0.8145032051282052,0.18549679487179482,1.4795407179102495,1.4090682e-05,3.983518e-06,2.9402918e-09,0.25,1.434309,1.3641825,1.3188292,-4.1711807,6.522807,0.10344827586206977,0.0,0.07354525862069046,0.0,0.16771352709045223,0.0,False,Cancer cells_vs_Granulocytes,Cancer cells,Granulocytes
CDC25C,0.7588141025641025,0.24118589743589747,1.1461888001538674,6.2083323e-06,1.542557e-06,2.9402918e-09,0.25,1.4231023,1.3251829,1.6429327,-5.2370987,7.5282755,0.04108297413793112,0.0,0.02990301724137922,0.0,0.0703278003465587,0.0,False,Cancer cells_vs_Granulocytes,Cancer cells,Granulocytes
H2AFX,0.7073317307692307,0.2926682692307693,0.8824599641469475,5.3454507e-05,2.2344153e-05,2.9402918e-09,0.25,0.89882046,0.82829046,1.1365266,-2.9129505,5.0466433,0.23908943965517535,0.03773584905660378,0.15086206896551968,0.03144654088050316,0.3419836328563242,0.15062679870574722,False,Cancer cells_vs_Granulocytes,Cancer cells,Granulocytes
POLQ,0.6820913461538461,0.31790865384615385,0.7633994812624204,4.4135904e-06,1.1714297e-06,2.9402918e-09,0.25,1.1177309,1.1163521,1.890342,-5.0664024,8.21895,0.015490301724137909,0.0020964360587002098,0.013469827586206877,0.0020964360587002098,0.020717238520384828,0.0036033620809560155,False,Cancer cells_vs_Granulocytes,Cancer cells,Granulocytes
FANCD2,0.6728766025641025,0.32712339743589747,0.7212244809338899,4.944239e-06,2.2681556e-06,2.9402918e-09,0.25,0.9562865,0.8848467,1.4463814,-5.4001827,6.060354,0.03838900862068971,0.0020964360587002098,0.033539870689655124,0.0020964360587002098,0.055742164925466214,0.012111126855576023,False,Cancer cells_vs_Granulocytes,Cancer cells,Granulocytes
FANCA,0.5010016025641025,0.49899839743589747,0.004006415535310115,1.6498523e-05,1.8310066e-05,2.9402918e-09,0.25,0.23328255,0.2556839,1.2650048,-3.9570723,5.1454315,0.09630926724138023,0.014675052410901468,0.07327586206896632,0.014675052410901468,0.11583185952115005,0.07158340150678466,False,Cancer cells_vs_Granulocytes,Cancer cells,Granulocytes
FANCB,0.44871794871794873,0.5512820512820513,-0.20585205005796958,4.7569615e-06,3.1641598e-06,2.9402918e-09,0.25,0.092718825,0.029294968,1.547472,-6.432438,6.1440296,0.026670258620689585,0.0,0.024245689655172348,0.0,0.04650415340813736,0.0,False,Cancer cells_vs_Granulocytes,Cancer cells,Granulocytes
BLM,0.44551282051282054,0.5544871794871795,-0.2188176569557263,9.816993e-06,8.392986e-06,2.9402918e-09,0.25,-0.15071097,-0.060809135,1.4007877,-5.2415905,3.7342567,0.0471443965517243,0.01886792452830189,0.038927801724138,0.016771488469601678,0.08224828622912823,0.1185604497004424,False,Cancer cells_vs_Granulocytes,Cancer cells,Granulocytes
NEIL3,0.9114583333333334,0.08854166666666663,2.331572527897557,4.434461e-06,3.3326867e-07,2.9671838e-09,0.25,3.2605486,3.194604,2.270466,-5.0735435,11.776895,0.024784482758620635,0.0020547945205479454,0.020339439655172365,0.0020547945205479454,0.03403552789641303,0.0017296490507864542,True,Cancer cells_vs_Fibroblasts,Cancer cells,Fibroblasts
EXO1,0.8792067307692307,0.12079326923076927,1.9849394215488712,4.19828e-06,5.8160816e-07,2.9671838e-09,0.25,2.4647207,2.4523554,1.8889297,-4.277342,9.073763,0.0413523706896552,0.0013698630136986301,0.030980603448275766,0.0013698630136986301,0.05899669361875385,0.007645827089993838,False,Cancer cells_vs_Fibroblasts,Cancer cells,Fibroblasts
RAD54L,0.8581730769230769,0.14182692307692313,1.8001982790181081,1.2621863e-05,2.3622124e-06,2.9671838e-09,0.25,2.1123815,2.0759296,1.7726835,-4.2305317,7.883258,0.038658405172413854,0.0027397260273972603,0.03165409482758612,0.0027397260273972603,0.061298654163453134,0.0029342283581453637,False,Cancer cells_vs_Fibroblasts,Cancer cells,Fibroblasts
RAD51,0.8389423076923077,0.1610576923076923,1.6503792526416816,9.9189165e-06,3.014477e-06,2.9671838e-09,0.25,1.7298154,1.7686381,1.5154207,-4.712102,6.8662157,0.05522629310344855,0.009589041095890413,0.04135237068965529,0.0068493150684931494,0.09942952432403473,0.023212424607183854,False,Cancer cells_vs_Fibroblasts,Cancer cells,Fibroblasts
FANCA,0.8347355769230769,0.16526442307692313,1.6195681965585247,1.6682869e-05,5.8740084e-06,2.9671838e-09,0.25,1.6952991,1.6755743,1.5089363,-4.338381,7.4168873,0.09630926724138023,0.015068493150684936,0.07327586206896632,0.01301369863013699,0.11583185952115005,0.041014492319585094,False,Cancer cells_vs_Fibroblasts,Cancer cells,Fibroblasts
UBE2T,0.8287259615384616,0.17127403846153844,1.5766246512054032,6.935244e-05,1.2500819e-05,2.9671838e-09,0.25,1.9835117,2.0091605,1.8148329,-4.9294224,7.5497427,0.5647898706896498,0.047260273972602705,0.2425915948275906,0.03424657534246576,1.0653360512104424,0.11546639247909227,False,Cancer cells_vs_Fibroblasts,Cancer cells,Fibroblasts
POLE2,0.7878605769230769,0.21213942307692313,1.3120773923841946,9.112303e-06,3.487843e-06,2.9671838e-09,0.25,1.407011,1.4057436,1.424282,-4.139681,5.8690796,0.05185883620689682,0.0061643835616438354,0.04431573275862087,0.00547945205479452,0.07740881011256522,0.011987417481782328,False,Cancer cells_vs_Fibroblasts,Cancer cells,Fibroblasts
RRM2,0.7818509615384616,0.21814903846153844,1.2764856111975968,5.0297884e-05,1.1811967e-05,2.9671838e-09,0.25,1.9178687,1.9643612,2.1223366,-6.902008,7.9692907,0.2289870689655185,0.0356164383561644,0.08970905172413908,0.01917808219178083,0.44173274042784977,0.10136274412842988,False,Cancer cells_vs_Fibroblasts,Cancer cells,Fibroblasts
POLQ,0.780448717948718,0.21955128205128205,1.2682831645201624,4.3337322e-06,9.756271e-07,2.9671838e-09,0.25,1.9527432,1.9817209,2.187807,-4.994398,9.963869,0.015490301724137909,0.0013698630136986301,0.013469827586206877,0.0013698630136986301,0.020717238520384828,0.0017441551875441248,False,Cancer cells_vs_Fibroblasts,Cancer cells,Fibroblasts
TTK,0.7782451923076923,0.2217548076923077,1.2554692978476818,1.3539724e-05,4.08463e-06,2.9671838e-09,0.25,1.4786389,1.4625187,1.6574432,-4.279237,8.169293,0.10627693965517294,0.006164383561643835,0.056438577586207336,0.00547945205479452,0.19563609150253208,0.007931086807415357,False,Cancer cells_vs_Fibroblasts,Cancer cells,Fibroblasts
FEN1,0.7558092948717948,0.24419070512820518,1.1298395627622906,4.8093905e-05,1.8068662e-05,2.9671838e-09,0.25,1.2613635,1.2624369,1.4554441,-4.679925,6.506632,0.23410560344827824,0.03287671232876714,0.13806573275862286,0.02876712328767125,0.3652160990714279,0.09209437289712319,False,Cancer cells_vs_Fibroblasts,Cancer cells,Fibroblasts
RFC4,0.7439903846153846,0.2560096153846154,1.0668130813551726,6.245669e-05,3.3747652e-05,2.9671838e-09,0.25,1.0656197,1.119987,1.3221588,-3.8096046,5.2641954,0.27922952586207117,0.04315068493150683,0.17093211206896838,0.03767123287671232,0.4311317437416015,0.10093914911627912,False,Cancer cells_vs_Fibroblasts,Cancer cells,Fibroblasts
FANCB,0.6943108974358975,0.30568910256410253,0.8203512401209443,4.7374165e-06,1.8125223e-06,2.9671838e-09,0.25,1.0315768,1.0225964,1.5660756,-4.6671524,6.5745087,0.026670258620689585,0.003424657534246575,0.024245689655172348,0.0027397260273972603,0.04650415340813736,0.00244696422465131,False,Cancer cells_vs_Fibroblasts,Cancer cells,Fibroblasts
XRCC2,0.6915064102564102,0.30849358974358976,0.8071713388412417,4.800946e-06,1.8882832e-06,2.9671838e-09,0.25,1.2288963,1.1851759,1.9425788,-5.5505724,8.113988,0.04175646551724146,0.0020547945205479454,0.036503232758620704,0.0020547945205479454,0.05534388995101548,0.003541291213177459,False,Cancer cells_vs_Fibroblasts,Cancer cells,Fibroblasts
CDC25A,0.6814903846153846,0.3185096153846154,0.7606294610190252,2.0003865e-06,7.7352985e-07,2.9671838e-09,0.25,1.0160912,0.959054,1.5446874,-4.158428,7.737872,0.0099676724137931,0.0006849315068493151,0.009563577586206894,0.0006849315068493151,0.011353842383066425,0.00041318182231363644,False,Cancer cells_vs_Fibroblasts,Cancer cells,Fibroblasts
FANCD2,0.6606570512820513,0.3393429487179487,0.6662236135752783,4.9978794e-06,2.3833827e-06,2.9671838e-09,0.25,0.98451495,0.9015293,1.6300505,-4.6026306,6.6840734,0.03838900862068971,0.012328767123287674,0.033539870689655124,0.012328767123287674,0.055742164925466214,0.03377780038084403,False,Cancer cells_vs_Fibroblasts,Cancer cells,Fibroblasts
H2AFX,0.6376201923076923,0.3623798076923077,0.5650499299747591,5.351061e-05,2.8156956e-05,2.9671838e-09,0.25,0.69197726,0.62752676,1.1033256,-3.697466,4.9291296,0.23908943965517535,0.08767123287671216,0.15086206896551968,0.07465753424657519,0.3419836328563242,0.24039004094991742,False,Cancer cells_vs_Fibroblasts,Cancer cells,Fibroblasts
EME1,0.6266025641025641,0.3733974358974359,0.517669095597629,2.5772372e-06,1.2773231e-06,2.9671838e-09,0.25,0.7572426,0.73010445,1.4362224,-3.9628048,5.756092,0.019531249999999955,0.00410958904109589,0.01831896551724134,0.00410958904109589,0.026556511718484114,0.011132345650005574,False,Cancer cells_vs_Fibroblasts,Cancer cells,Fibroblasts
BLM,0.6079727564102564,0.3920272435897436,0.43879872703719675,9.728943e-06,1.5726093e-05,2.9671838e-09,0.25,-0.74884653,-0.65876627,1.6316324,-7.6088905,4.364544,0.0471443965517243,0.00410958904109589,0.038927801724138,0.00410958904109589,0.08224828622912823,0.011799629224321796,False,Cancer cells_vs_Fibroblasts,Cancer cells,Fibroblasts
FANCI,0.6031650641025641,0.3968349358974359,0.41867047316299844,1.3913437e-05,7.187846e-06,2.9671838e-09,0.25,0.66125995,0.62989044,1.4984897,-4.218583,5.8688793,0.10344827586206977,0.010958904109589043,0.07354525862069046,0.010958904109589043,0.16771352709045223,0.038798930788614246,False,Cancer cells_vs_Fibroblasts,Cancer cells,Fibroblasts
TYMS,0.6011618589743589,0.3988381410256411,0.41030853293779834,5.491167e-05,2.762395e-05,2.9671838e-09,0.25,0.695674,0.6834588,1.6750177,-5.1621094,6.5308514,0.2669719827586219,0.054109589041095855,0.1330818965517262,0.033561643835616446,0.41144852280305266,0.0987733410581767,False,Cancer cells_vs_Fibroblasts,Cancer cells,Fibroblasts
CDC25C,0.5901442307692307,0.4098557692307693,0.3645616430571871,6.1532296e-06,3.2173568e-06,2.9671838e-09,0.25,0.7105084,0.6869993,1.9202625,-5.994913,7.5586443,0.04108297413793112,0.00410958904109589,0.02990301724137922,0.0027397260273972603,0.0703278003465587,0.004694376532681837,False,Cancer cells_vs_Fibroblasts,Cancer cells,Fibroblasts
BRIP1,0.5584935897435898,0.44150641025641024,0.2350505968631903,4.0722675e-06,2.2998756e-06,2.9671838e-09,0.25,0.5555394,0.5262728,1.9749589,-6.068844,9.122209,0.026400862068965462,0.004794520547945205,0.022225215517241322,0.004794520547945205,0.03250418830524154,0.011758265326746694,False,Cancer cells_vs_Fibroblasts,Cancer cells,Fibroblasts
CHEK1,0.5168269230769231,0.48317307692307687,0.06733311872090719,1.3922125e-05,1.0731379e-05,2.9671838e-09,0.25,0.33846527,0.31786013,1.4552913,-5.843874,5.490405,0.08647629310344906,0.019863013698630146,0.07139008620689731,0.019863013698630146,0.12890108234517808,0.05279707182812461,False,Cancer cells_vs_Fibroblasts,Cancer cells,Fibroblasts
BRCA1,0.5056089743589743,0.49439102564102566,0.022436838187051,1.182016e-05,1.2429992e-05,2.9671838e-09,0.25,-0.23435977,-0.2741518,1.7789457,-6.1949797,6.5373,0.09226831896551792,0.01438356164383562,0.0666756465517248,0.011643835616438359,0.11451302353592634,0.026350711866810005,False,Cancer cells_vs_Fibroblasts,Cancer cells,Fibroblasts
RAD54B,0.5,0.5,0.0,6.1825804e-06,4.0413347e-06,2.9671838e-09,0.25,0.28322157,0.24967289,1.5297717,-5.9111843,5.17836,0.028825431034482683,0.006164383561643835,0.026131465517241305,0.006164383561643835,0.04275885725121372,0.02509621951112014,False,Cancer cells_vs_Fibroblasts,Cancer cells,Fibroblasts
FANCA,0.8339342948717948,0.16606570512820518,1.6137710438339052,1.6950777e-05,0.000104774364,3.047258e-09,0.25,-1.5953948,-1.5191331,1.4310386,-7.6961813,3.5670147,0.09630926724138023,0.03931055337163553,0.07327586206896632,0.0349907123417857,0.11583185952115005,0.21504337119920444,False,Cancer cells_vs_T cells,Cancer cells,T cells
POLE2,0.8263221153846154,0.17367788461538458,1.559782276512205,9.088108e-06,3.7324342e-06,3.047258e-09,0.25,1.6542634,1.7209806,1.6126639,-5.0815506,7.378643,0.05185883620689682,0.008034904315521204,0.04431573275862087,0.007646118622834695,0.07740881011256522,0.03062501945417127,False,Cancer cells_vs_T cells,Cancer cells,T cells
CDC25C,0.8139022435897436,0.1860977564102564,1.4755681157251785,6.2212252e-06,1.8104545e-06,3.047258e-09,0.25,2.1436105,2.2373228,2.1570432,-6.7039785,8.890201,0.04108297413793112,0.003499071234178578,0.02990301724137922,0.0033262775929845737,0.0703278003465587,0.010781904133946044,False,Cancer cells_vs_T cells,Cancer cells,T cells
EME1,0.7992788461538461,0.20072115384615385,1.3817931909300192,2.5873928e-06,9.590204e-07,3.047258e-09,0.25,1.6166587,1.6117449,1.7503874,-5.870121,7.605294,0.019531249999999955,0.0019871268737310477,0.01831896551724134,0.0019439284634325468,0.026556511718484114,0.007053827460874611,False,Cancer cells_vs_T cells,Cancer cells,T cells
RAD54L,0.7878605769230769,0.21213942307692313,1.3120773923841946,1.2634316e-05,3.9007155e-06,3.047258e-09,0.25,1.7412424,1.7870035,1.9790027,-6.1367884,7.899108,0.038658405172413854,0.005961380621193141,0.03165409482758612,0.005140610825521621,0.061298654163453134,0.016845559814057828,False,Cancer cells_vs_T cells,Cancer cells,T cells
NEIL3,0.7750400641025641,0.2249599358974359,1.2369923684122697,4.442906e-06,1.1978811e-06,3.047258e-09,0.25,2.108231,2.114729,2.534216,-8.501137,10.099401,0.024784482758620635,0.00479502354313361,0.020339439655172365,0.0045790314916411045,0.03403552789641303,0.013495685801566033,False,Cancer cells_vs_T cells,Cancer cells,T cells
EXO1,0.7736378205128205,0.22636217948717952,1.2289675200310284,4.3296354e-06,1.2859982e-06,3.047258e-09,0.25,1.6553555,1.6864595,2.0308466,-9.341135,8.423729,0.0413523706896552,0.003671864875372581,0.030980603448275766,0.003542269644477078,0.05899669361875385,0.010189590824442752,False,Cancer cells_vs_T cells,Cancer cells,T cells
RAD54B,0.750801282051282,0.24919871794871795,1.1028903432496748,6.206412e-06,1.996731e-06,3.047258e-09,0.25,1.4194697,1.4260826,1.7488,-5.8854475,6.9239635,0.028825431034482683,0.002764698259104063,0.026131465517241305,0.002721499848805562,0.04275885725121372,0.013427436419605742,False,Cancer cells_vs_T cells,Cancer cells,T cells
CDC25A,0.7391826923076923,0.2608173076923077,1.0417248894535005,1.9432716e-06,7.163789e-07,3.047258e-09,0.25,1.524398,1.4731007,1.9408388,-6.2433796,7.688162,0.0099676724137931,0.0019007300531340458,0.009563577586206894,0.0019007300531340458,0.011353842383066425,0.0055486178280467315,False,Cancer cells_vs_T cells,Cancer cells,T cells
RAD51,0.7287660256410257,0.27123397435897434,0.9883708824591355,9.915969e-06,5.5345495e-06,3.047258e-09,0.25,1.0828102,1.1292067,1.5428028,-6.382079,6.2797318,0.05522629310344855,0.01321871355134135,0.04135237068965529,0.011533975549699808,0.09942952432403473,0.04157831272590544,False,Cancer cells_vs_T cells,Cancer cells,T cells
BRIP1,0.7275641025641025,0.27243589743589747,0.9822987380296978,4.176656e-06,1.5905023e-06,3.047258e-09,0.25,1.5457805,1.4571371,2.2363515,-8.009498,10.127883,0.026400862068965462,0.00509741241522312,0.022225215517241322,0.004881420363730613,0.03250418830524154,0.023640503330955655,False,Cancer cells_vs_T cells,Cancer cells,T cells
FEN1,0.7243589743589743,0.27564102564102566,0.9661876805450187,4.8686088e-05,2.4799683e-05,3.047258e-09,0.25,1.2197236,1.2753735,1.7541387,-6.877141,7.180334,0.23410560344827824,0.05300444943626,0.13806573275862286,0.03732342649790458,0.3652160990714279,0.1940394291735255,False,Cancer cells_vs_T cells,Cancer cells,T cells
UBE2T,0.7075320512820513,0.2924679487179487,0.8834278269633238,7.0516e-05,2.408137e-05,3.047258e-09,0.25,1.2432728,1.2979727,1.9211973,-6.820689,6.459901,0.5647898706896498,0.05836105231327387,0.2425915948275906,0.04298241824700779,1.0653360512104424,0.23901435339428861,False,Cancer cells_vs_T cells,Cancer cells,T cells
XRCC2,0.6877003205128205,0.3122996794871795,0.7893899069206074,4.9317155e-06,2.1662256e-06,3.047258e-09,0.25,1.1786268,1.2043886,1.9376404,-6.662903,8.40841,0.04175646551724146,0.004579031491641104,0.036503232758620704,0.004449436260745601,0.05534388995101548,0.01811180871936666,False,Cancer cells_vs_T cells,Cancer cells,T cells
POLQ,0.6682692307692307,0.3317307692307693,0.7003674133525339,4.3485065e-06,2.0817076e-06,3.047258e-09,0.25,1.2002162,1.1908045,2.2916744,-8.393965,9.08616,0.015490301724137909,0.004190245798954595,0.013469827586206877,0.003931055337163585,0.020717238520384828,0.013847999200953085,False,Cancer cells_vs_T cells,Cancer cells,T cells
RRM2,0.657051282051282,0.34294871794871795,0.650181130737136,5.129622e-05,3.1192485e-05,3.047258e-09,0.25,1.0566884,1.1393461,2.3021922,-8.963237,8.126642,0.2289870689655185,0.07335090068685401,0.08970905172413908,0.027301395308652773,0.44173274042784977,0.18729479540448216,False,Cancer cells_vs_T cells,Cancer cells,T cells
TTK,0.6452323717948718,0.3547676282051282,0.5981474988591934,1.361764e-05,5.7372e-06,3.047258e-09,0.25,0.92366976,0.88204956,1.6997783,-5.137292,7.7813625,0.10627693965517294,0.008812475700894223,0.056438577586207336,0.007559721802237692,0.19563609150253208,0.031584674098531086,False,Cancer cells_vs_T cells,Cancer cells,T cells
CHEK1,0.6304086538461539,0.36959134615384615,0.5339703293955955,1.3578843e-05,9.981307e-06,3.047258e-09,0.25,0.8333081,0.86377907,1.788509,-7.6510057,6.3001146,0.08647629310344906,0.02229037971402661,0.07139008620689731,0.019180094172534533,0.12890108234517808,0.08046911431343803,False,Cancer cells_vs_T cells,Cancer cells,T cells
BRCA1,0.6235977564102564,0.3764022435897436,0.5048471604967981,1.19641645e-05,7.065827e-06,3.047258e-09,0.25,0.75965774,0.8159208,1.8358643,-9.106192,7.3661413,0.09226831896551792,0.01978487191671354,0.0666756465517248,0.01667458637522146,0.11451302353592634,0.07377970424255866,False,Cancer cells_vs_T cells,Cancer cells,T cells
TYMS,0.6175881410256411,0.3824118589743589,0.4793235942026074,5.593378e-05,4.3575485e-05,3.047258e-09,0.25,0.7708683,0.8304758,2.0999622,-8.526326,7.622493,0.2669719827586219,0.09754201045401366,0.1330818965517262,0.04203205322044084,0.41144852280305266,0.27008024975337913,False,Cancer cells_vs_T cells,Cancer cells,T cells
BLM,0.6103766025641025,0.38962339743589747,0.44889551365068064,9.662383e-06,1.3610832e-05,3.047258e-09,0.25,-0.72360045,-0.65134907,1.49319,-6.972946,3.8864717,0.0471443965517243,0.022419974944922122,0.038927801724138,0.021210419456564093,0.08224828622912823,0.11909738674226199,False,Cancer cells_vs_T cells,Cancer cells,T cells
FANCI,0.5314503205128205,0.4685496794871795,0.1259675850275409,1.3968519e-05,1.0450346e-05,3.047258e-09,0.25,0.37281764,0.38698387,1.5853268,-7.399955,5.566697,0.10344827586206977,0.018748110069549514,0.07354525862069046,0.01632899909283345,0.16771352709045223,0.07292575368201697,False,Cancer cells_vs_T cells,Cancer cells,T cells
H2AFX,0.5146233974358975,0.48537660256410253,0.058510275122484745,5.5041022e-05,5.7957797e-05,3.047258e-09,0.25,-0.2399594,-0.2894888,1.2332741,-5.734111,3.6798887,0.23908943965517535,0.09136463778132664,0.15086206896551968,0.0724869324808818,0.3419836328563242,0.4556074071975327,False,Cancer cells_vs_T cells,Cancer cells,T cells
FANCB,0.5068108974358975,0.49318910256410253,0.02724527443219449,4.694371e-06,3.3394608e-06,3.047258e-09,0.25,0.33246008,0.28548813,1.9251192,-6.1362743,7.1611805,0.026670258620689585,0.009158062983282237,0.024245689655172348,0.008639682059700223,0.04650415340813736,0.04474080677089891,False,Cancer cells_vs_T cells,Cancer cells,T cells
FANCD2,0.49499198717948717,0.5050080128205128,-0.02003272079862861,5.0012754e-06,5.5243468e-06,3.047258e-09,0.25,-0.17518216,-0.22562599,1.6735207,-7.6152306,5.9209642,0.03838900862068971,0.011533975549699801,0.033539870689655124,0.010626808933431282,0.055742164925466214,0.04715781457309889,False,Cancer cells_vs_T cells,Cancer cells,T cells
RFC4,0.46113782051282054,0.5388621794871795,-0.1557628801861869,6.393817e-05,8.1048915e-05,3.047258e-09,0.25,-0.21979016,-0.13595915,1.3383763,-5.092061,3.6516247,0.27922952586207117,0.04721586245626086,0.17093211206896838,0.03745302172880007,0.4311317437416015,0.21484075103378775,False,Cancer cells_vs_T cells,Cancer cells,T cells
RAD51,0.9108573717948718,0.0891426282051282,2.3241485704576688,9.909744e-06,2.1272076e-06,3.7609387e-09,0.25,2.0660326,2.0985088,1.3515878,-4.642682,7.4147034,0.05522629310344855,0.0006635700066357001,0.04135237068965529,0.0006635700066357001,0.09942952432403473,0.0028479399426424895,True,Cancer cells_vs_Endothelial cell,Cancer cells,Endothelial cell
NEIL3,0.9034455128205128,0.09655448717948723,2.2361082259464,4.2082565e-06,3.4722424e-07,3.7609387e-09,0.25,3.0056505,2.9880095,2.1396632,-4.1764545,10.102447,0.024784482758620635,0.0006635700066357001,0.020339439655172365,0.0006635700066357001,0.03403552789641303,0.00031573012639087407,False,Cancer cells_vs_Endothelial cell,Cancer cells,Endothelial cell
FEN1,0.8846153846153846,0.11538461538461542,2.0368818518987246,4.744253e-05,1.0876432e-05,3.7609387e-09,0.25,1.8983755,1.8704505,1.3978522,-4.393569,7.0862637,0.23410560344827824,0.013934970139349696,0.13806573275862286,0.012607830126078298,0.3652160990714279,0.050941959170649864,False,Cancer cells_vs_Endothelial cell,Cancer cells,Endothelial cell
CDC25A,0.8677884615384616,0.13221153846153844,1.8815447089875952,1.9071825e-06,3.8540026e-07,3.7609387e-09,0.25,2.0381868,2.0004692,1.629201,-4.050146,9.012678,0.0099676724137931,0.0,0.009563577586206894,0.0,0.011353842383066425,0.0,False,Cancer cells_vs_Endothelial cell,Cancer cells,Endothelial cell
XRCC2,0.8311298076923077,0.1688701923076923,1.5936556151457473,4.784709e-06,1.0885809e-06,3.7609387e-09,0.25,1.937854,1.942976,1.797123,-5.8030834,8.147724,0.04175646551724146,0.0006635700066357001,0.036503232758620704,0.0006635700066357001,0.05534388995101548,0.00803353518929419,False,Cancer cells_vs_Endothelial cell,Cancer cells,Endothelial cell
EME1,0.8265224358974359,0.1734775641025641,1.561178739523307,2.5191753e-06,6.780739e-07,3.7609387e-09,0.25,1.517895,1.460248,1.3673917,-3.4097939,6.4161673,0.019531249999999955,0.0006635700066357001,0.01831896551724134,0.0006635700066357001,0.026556511718484114,0.0046113273567456575,False,Cancer cells_vs_Endothelial cell,Cancer cells,Endothelial cell
UBE2T,0.8131009615384616,0.18689903846153844,1.470286674785328,6.809187e-05,1.2001662e-05,3.7609387e-09,0.25,1.7597919,1.7574787,1.6833088,-4.816306,6.7630806,0.5647898706896498,0.02587923025879231,0.2425915948275906,0.02322495023224951,1.0653360512104424,0.10069682417492119,False,Cancer cells_vs_Endothelial cell,Cancer cells,Endothelial cell
FANCD2,0.7998798076923077,0.2001201923076923,1.3855432909465777,4.8761567e-06,1.4625915e-06,3.7609387e-09,0.25,1.6781344,1.5960932,1.6963286,-4.908867,8.381307,0.03838900862068971,0.0013271400132714001,0.033539870689655124,0.0013271400132714001,0.055742164925466214,0.007057652574457093,False,Cancer cells_vs_Endothelial cell,Cancer cells,Endothelial cell
CDC25C,0.7918669871794872,0.20813301282051277,1.3362160367796447,6.10712e-06,1.3940752e-06,3.7609387e-09,0.25,1.67578,1.5904484,1.7526367,-5.720955,9.046253,0.04108297413793112,0.0006635700066357001,0.02990301724137922,0.0006635700066357001,0.0703278003465587,0.008092317154093902,False,Cancer cells_vs_Endothelial cell,Cancer cells,Endothelial cell
EXO1,0.7896634615384616,0.21033653846153844,1.322898009681863,4.042806e-06,8.697998e-07,3.7609387e-09,0.25,1.6705221,1.6462002,1.7663777,-5.615078,8.540522,0.0413523706896552,0.0019907100199071,0.030980603448275766,0.0019907100199071,0.05899669361875385,0.0010833979463385252,False,Cancer cells_vs_Endothelial cell,Cancer cells,Endothelial cell
RRM2,0.7848557692307693,0.21514423076923073,1.294191289696425,4.9718677e-05,1.0508735e-05,3.7609387e-09,0.25,1.8076587,1.7939157,1.9500256,-6.8056917,7.3985157,0.2289870689655185,0.007299270072992702,0.08970905172413908,0.004644990046449901,0.44173274042784977,0.019103545398772234,False,Cancer cells_vs_Endothelial cell,Cancer cells,Endothelial cell
TYMS,0.7824519230769231,0.21754807692307687,1.2800125777562321,5.3922766e-05,1.49585685e-05,3.7609387e-09,0.25,1.6351649,1.6337543,1.7702541,-5.5204935,7.4357758,0.2669719827586219,0.0179163901791639,0.1330818965517262,0.0092899800928998,0.41144852280305266,0.037337005120005345,False,Cancer cells_vs_Endothelial cell,Cancer cells,Endothelial cell
CHEK1,0.7293669871794872,0.2706330128205128,0.9914132869753475,1.356591e-05,5.937655e-06,3.7609387e-09,0.25,1.0960492,1.10215,1.4214154,-4.818981,5.9352827,0.08647629310344906,0.0019907100199071,0.07139008620689731,0.0019907100199071,0.12890108234517808,0.01412736223402973,False,Cancer cells_vs_Endothelial cell,Cancer cells,Endothelial cell
FANCB,0.7239583333333334,0.27604166666666663,0.9641819971651053,4.639229e-06,1.5663245e-06,3.7609387e-09,0.25,1.088008,1.11448,1.484598,-4.5363083,6.0310154,0.026670258620689585,0.0026542800265428003,0.024245689655172348,0.0026542800265428003,0.04650415340813736,0.008025021777489576,False,Cancer cells_vs_Endothelial cell,Cancer cells,Endothelial cell
RFC4,0.7073317307692307,0.2926682692307693,0.8824599641469475,6.1954626e-05,3.4212022e-05,3.7609387e-09,0.25,0.92299837,0.97268105,1.3010007,-3.8527164,5.5405874,0.27922952586207117,0.019907100199071003,0.17093211206896838,0.019907100199071003,0.4311317437416015,0.07655814463496931,False,Cancer cells_vs_Endothelial cell,Cancer cells,Endothelial cell
RAD54L,0.703926282051282,0.29607371794871795,0.8660651476695569,1.2228976e-05,3.6434417e-06,3.7609387e-09,0.25,1.2166791,1.1266804,1.737729,-5.7907047,7.108366,0.038658405172413854,0.0006635700066357001,0.03165409482758612,0.0006635700066357001,0.061298654163453134,0.0002808405309953022,False,Cancer cells_vs_Endothelial cell,Cancer cells,Endothelial cell
FANCA,0.6684695512820513,0.3315304487179487,0.7012711757366139,1.6337435e-05,9.657256e-06,3.7609387e-09,0.25,0.9052043,0.87322044,1.4841622,-4.7826195,6.864441,0.09630926724138023,0.0092899800928998,0.07327586206896632,0.0092899800928998,0.11583185952115005,0.045145235303380396,False,Cancer cells_vs_Endothelial cell,Cancer cells,Endothelial cell
POLQ,0.6534455128205128,0.3465544871794872,0.6342190821371383,4.1831227e-06,1.8431715e-06,3.7609387e-09,0.25,0.99335986,1.0696125,2.099065,-6.1478443,9.880898,0.015490301724137909,0.0,0.013469827586206877,0.0,0.020717238520384828,0.0,False,Cancer cells_vs_Endothelial cell,Cancer cells,Endothelial cell
POLE2,0.6442307692307693,0.3557692307692307,0.5937746941610222,9.074048e-06,4.7730646e-06,3.7609387e-09,0.25,0.8041444,0.7927675,1.3532121,-3.7041779,5.207447,0.05185883620689682,0.006635700066357002,0.04431573275862087,0.006635700066357002,0.07740881011256522,0.023978388634584742,False,Cancer cells_vs_Endothelial cell,Cancer cells,Endothelial cell
BRIP1,0.608573717948718,0.39142628205128205,0.4413208414372588,3.9437305e-06,1.9056489e-06,3.7609387e-09,0.25,0.75835705,0.77142525,1.8929226,-5.494051,8.578209,0.026400862068965462,0.0006635700066357001,0.022225215517241322,0.0006635700066357001,0.03250418830524154,0.006043442683385247,False,Cancer cells_vs_Endothelial cell,Cancer cells,Endothelial cell
RAD54B,0.5691105769230769,0.43088942307692313,0.2782232469499253,6.1942555e-06,3.1397294e-06,3.7609387e-09,0.25,0.57299227,0.52502155,1.5063412,-5.109331,5.4512234,0.028825431034482683,0.0019907100199071,0.026131465517241305,0.0019907100199071,0.04275885725121372,0.005210861553916838,False,Cancer cells_vs_Endothelial cell,Cancer cells,Endothelial cell
H2AFX,0.4781650641025641,0.5218349358974359,-0.08739532609850487,5.331876e-05,4.7674093e-05,3.7609387e-09,0.25,-0.12855335,-0.19432735,1.0833607,-3.941248,4.705056,0.23908943965517535,0.05773059057730595,0.15086206896551968,0.05043132050431325,0.3419836328563242,0.18379347873902313,False,Cancer cells_vs_Endothelial cell,Cancer cells,Endothelial cell
BRCA1,0.4755608974358974,0.5244391025641026,-0.09783436934042189,1.1848986e-05,9.9750305e-06,3.7609387e-09,0.25,-0.15234162,-0.15100956,1.6233482,-6.2156143,6.74895,0.09226831896551792,0.012607830126078298,0.0666756465517248,0.011944260119442598,0.11451302353592634,0.046938155108701966,False,Cancer cells_vs_Endothelial cell,Cancer cells,Endothelial cell
FANCI,0.44811698717948717,0.5518830128205128,-0.20828175590106635,1.3429746e-05,9.656011e-06,3.7609387e-09,0.25,0.11586403,0.07884693,1.3806151,-5.306183,5.6943674,0.10344827586206977,0.006635700066357002,0.07354525862069046,0.006635700066357002,0.16771352709045223,0.03210844301608029,False,Cancer cells_vs_Endothelial cell,Cancer cells,Endothelial cell
TTK,0.44751602564102566,0.5524839743589743,-0.21071207447860518,1.3034216e-05,9.984289e-06,3.7609387e-09,0.25,0.029230589,-0.04380703,1.5766176,-5.1579523,6.7108135,0.10627693965517294,0.0013271400132714001,0.056438577586207336,0.0006635700066357001,0.19563609150253208,0.00524561270067747,False,Cancer cells_vs_Endothelial cell,Cancer cells,Endothelial cell
BLM,0.44471153846153844,0.5552884615384616,-0.2220618809656405,9.619437e-06,8.209387e-06,3.7609387e-09,0.25,-0.014569011,0.057727814,1.4453002,-7.0146055,4.3234844,0.0471443965517243,0.0026542800265428003,0.038927801724138,0.0026542800265428003,0.08224828622912823,0.006671104530256293,False,Cancer cells_vs_Endothelial cell,Cancer cells,Endothelial cell
CHEK1,0.9665464743589743,0.03345352564102566,3.3635719127803334,1.3856574e-05,1.704872e-06,3.0811194e-09,0.25,3.1389723,3.2082338,1.5028971,-3.2462006,8.494613,0.08647629310344906,0.00738007380073801,0.07139008620689731,0.0059040590405904075,0.12890108234517808,0.009659411491145195,True,Cancer cells_vs_B cells,Cancer cells,B cells
TTK,0.9525240384615384,0.047475961538461564,2.9988916337098925,1.3370847e-05,1.4313221e-06,3.0811194e-09,0.25,2.918144,2.8885918,1.6434777,-4.0013647,9.396292,0.10627693965517294,0.0046740467404674056,0.056438577586207336,0.0046740467404674056,0.19563609150253208,0.008147771816444261,True,Cancer cells_vs_B cells,Cancer cells,B cells
NEIL3,0.9439102564102564,0.05608974358974361,2.8230779544707016,4.3341756e-06,2.8223823e-07,3.0811194e-09,0.25,3.9333954,3.9227648,2.321395,-5.768694,11.58244,0.024784482758620635,0.0014760147601476012,0.020339439655172365,0.0014760147601476012,0.03403552789641303,0.004222307785641841,True,Cancer cells_vs_B cells,Cancer cells,B cells
RAD54L,0.9238782051282052,0.07612179487179482,2.496245508124044,1.2263269e-05,1.4593262e-06,3.0811194e-09,0.25,2.8001375,2.7992878,1.8119354,-4.895665,8.586057,0.038658405172413854,0.002214022140221402,0.03165409482758612,0.0019680196801968018,0.061298654163453134,0.002306473006356271,True,Cancer cells_vs_B cells,Cancer cells,B cells
POLE2,0.9106570512820513,0.08934294871794868,2.3216839514452627,9.0527055e-06,2.2919066e-06,3.0811194e-09,0.25,2.0484238,2.0841627,1.3461697,-3.3153553,6.297908,0.05185883620689682,0.0059040590405904075,0.04431573275862087,0.0059040590405904075,0.07740881011256522,0.011189106508337435,True,Cancer cells_vs_B cells,Cancer cells,B cells
RAD54B,0.8866185897435898,0.11338141025641024,2.0566573654887432,6.1699984e-06,9.958947e-07,3.0811194e-09,0.25,2.420178,2.3811998,1.7993848,-4.113659,8.936532,0.028825431034482683,0.0024600246002460025,0.026131465517241305,0.0024600246002460025,0.04275885725121372,0.004324701542268881,False,Cancer cells_vs_B cells,Cancer cells,B cells
UBE2T,0.8796073717948718,0.1203926282051282,1.988717264333658,6.906649e-05,9.924415e-06,3.0811194e-09,0.25,2.3946633,2.4385076,1.825062,-4.8406076,8.235854,0.5647898706896498,0.040836408364083594,0.2425915948275906,0.03345633456334562,1.0653360512104424,0.10737983356859915,False,Cancer cells_vs_B cells,Cancer cells,B cells
FEN1,0.8697916666666666,0.13020833333333337,1.899117922245563,4.776512e-05,1.2008792e-05,3.0811194e-09,0.25,2.0439007,2.037077,1.6394274,-5.6678543,7.368106,0.23410560344827824,0.03788437884378838,0.13806573275862286,0.030258302583025844,0.3652160990714279,0.08590449728816486,False,Cancer cells_vs_B cells,Cancer cells,B cells
XRCC2,0.8621794871794872,0.13782051282051277,1.8335112029486533,4.8733395e-06,1.0103975e-06,3.0811194e-09,0.25,2.2733448,2.2344627,1.939112,-4.898714,9.380716,0.04175646551724146,0.002706027060270603,0.036503232758620704,0.002706027060270603,0.05534388995101548,0.002655887284758791,False,Cancer cells_vs_B cells,Cancer cells,B cells
FANCI,0.8525641025641025,0.14743589743589747,1.7548548561958424,1.3629116e-05,3.4511822e-06,3.0811194e-09,0.25,1.9245629,1.916007,1.608436,-4.3642273,7.2469397,0.10344827586206977,0.008610086100861012,0.07354525862069046,0.008364083640836411,0.16771352709045223,0.01979916617267932,False,Cancer cells_vs_B cells,Cancer cells,B cells
CDC25C,0.8421474358974359,0.1578525641025641,1.6742935906631162,6.1420055e-06,1.2289042e-06,3.0811194e-09,0.25,2.3820584,2.3713846,2.0801215,-5.8834877,8.936399,0.04108297413793112,0.002952029520295203,0.02990301724137922,0.0024600246002460025,0.0703278003465587,0.0016755264852341863,False,Cancer cells_vs_B cells,Cancer cells,B cells
EXO1,0.8361378205128205,0.16386217948717952,1.6297677019672567,4.0927534e-06,7.454101e-07,3.0811194e-09,0.25,2.1050823,2.1358232,1.9162599,-5.4233456,8.9330635,0.0413523706896552,0.002706027060270603,0.030980603448275766,0.0017220172201722014,0.05899669361875385,0.006143766992085277,False,Cancer cells_vs_B cells,Cancer cells,B cells
RRM2,0.8257211538461539,0.17427884615384615,1.5556005045330923,4.9483686e-05,1.2687745e-05,3.0811194e-09,0.25,2.1436183,2.2518654,2.1254756,-6.8479605,9.11687,0.2289870689655185,0.06223862238622378,0.08970905172413908,0.01599015990159902,0.44173274042784977,0.04666105217290695,False,Cancer cells_vs_B cells,Cancer cells,B cells
EME1,0.8163060897435898,0.18369391025641024,1.4915185112304206,2.584312e-06,7.1052335e-07,3.0811194e-09,0.25,2.0433307,1.9352589,1.9253944,-3.9844074,8.663836,0.019531249999999955,0.0009840098400984009,0.01831896551724134,0.0009840098400984009,0.026556511718484114,0.0033224808407583714,False,Cancer cells_vs_B cells,Cancer cells,B cells
TYMS,0.8127003205128205,0.18729967948717952,1.4676524928320458,5.4083095e-05,1.4829021e-05,3.0811194e-09,0.25,1.7469891,1.7782402,1.7518169,-5.8000116,8.026569,0.2669719827586219,0.035916359163591635,0.1330818965517262,0.016482164821648222,0.41144852280305266,0.040731942744923574,False,Cancer cells_vs_B cells,Cancer cells,B cells
RAD51,0.7906650641025641,0.2093349358974359,1.3289388761411824,9.800654e-06,3.7099696e-06,3.0811194e-09,0.25,1.4198858,1.3876619,1.4926038,-4.513339,6.807642,0.05522629310344855,0.008610086100861012,0.04135237068965529,0.006642066420664209,0.09942952432403473,0.008203669875058462,False,Cancer cells_vs_B cells,Cancer cells,B cells
CDC25A,0.7678285256410257,0.23217147435897434,1.196090191992932,1.9177241e-06,5.439593e-07,3.0811194e-09,0.25,1.6661377,1.5494318,1.9026631,-5.5091686,8.20146,0.0099676724137931,0.0017220172201722014,0.009563577586206894,0.0017220172201722014,0.011353842383066425,0.001065436923495889,False,Cancer cells_vs_B cells,Cancer cells,B cells
BRCA1,0.7502003205128205,0.24979967948717952,1.09968092356898,1.1862992e-05,3.873621e-06,3.0811194e-09,0.25,1.5151439,1.4252281,1.8966321,-5.558527,10.072812,0.09226831896551792,0.009348093480934813,0.0666756465517248,0.008118081180811811,0.11451302353592634,0.023842716259214053,False,Cancer cells_vs_B cells,Cancer cells,B cells
BRIP1,0.7427884615384616,0.25721153846153844,1.0605124170201186,4.0225955e-06,1.2922983e-06,3.0811194e-09,0.25,1.5599395,1.4871969,2.0595605,-5.506544,8.860537,0.026400862068965462,0.003690036900369004,0.022225215517241322,0.003444034440344404,0.03250418830524154,0.00870553901562841,False,Cancer cells_vs_B cells,Cancer cells,B cells
POLQ,0.7247596153846154,0.2752403846153846,0.9681951706387473,4.3259815e-06,1.254109e-06,3.0811194e-09,0.25,1.5567542,1.5581808,2.2251158,-6.825836,9.694047,0.015490301724137909,0.0014760147601476012,0.013469827586206877,0.001230012300123001,0.020717238520384828,0.0006109959010724519,False,Cancer cells_vs_B cells,Cancer cells,B cells
RFC4,0.6939102564102564,0.3060897435897436,0.8184642816967888,6.3406056e-05,3.1483396e-05,3.0811194e-09,0.25,1.3442786,1.0921803,1.9044442,-3.8573427,7.877307,0.27922952586207117,0.03690036900369,0.17093211206896838,0.03271832718327183,0.4311317437416015,0.14676324587914896,False,Cancer cells_vs_B cells,Cancer cells,B cells
FANCB,0.6600560897435898,0.33994391025641024,0.6635441674359916,4.6413757e-06,1.9406523e-06,3.0811194e-09,0.25,1.0077866,0.9959688,1.7994655,-5.8116913,6.6619425,0.026670258620689585,0.005412054120541207,0.024245689655172348,0.0046740467404674056,0.04650415340813736,0.011569537729094618,False,Cancer cells_vs_B cells,Cancer cells,B cells
H2AFX,0.6462339743589743,0.35376602564102566,0.6025258647282501,5.3504657e-05,2.6418027e-05,3.0811194e-09,0.25,0.9537921,0.774364,1.4696518,-4.2250957,6.8920956,0.23908943965517535,0.060762607626076014,0.15086206896551968,0.05141451414514119,0.3419836328563242,0.20184170489376685,False,Cancer cells_vs_B cells,Cancer cells,B cells
FANCA,0.6256009615384616,0.37439903846153844,0.5133905391026761,1.6731196e-05,8.605277e-05,3.0811194e-09,0.25,-0.67391765,-0.8662672,1.9549832,-7.445035,6.087264,0.09630926724138023,0.030504305043050444,0.07327586206896632,0.02779827798277984,0.11583185952115005,0.10437513266066764,False,Cancer cells_vs_B cells,Cancer cells,B cells
BLM,0.5502804487179487,0.4497195512820513,0.2018038818553909,9.711682e-06,6.407668e-06,3.0811194e-09,0.25,0.46651953,0.47398567,1.6400743,-4.8816223,5.790618,0.0471443965517243,0.01377613776137762,0.038927801724138,0.013038130381303819,0.08224828622912823,0.05129402131743897,False,Cancer cells_vs_B cells,Cancer cells,B cells
FANCD2,0.4675480769230769,0.5324519230769231,-0.12999042381955306,4.9324185e-06,5.494679e-06,3.0811194e-09,0.25,0.45937777,-0.05352497,2.5306451,-6.9769745,9.6779785,0.03838900862068971,0.014760147601476021,0.033539870689655124,0.01426814268142682,0.055742164925466214,0.07195802861586913,False,Cancer cells_vs_B cells,Cancer cells,B cells
NEIL3,0.9933894230769231,0.006610576923076872,5.012450322363078,4.523729e-06,4.2725095e-08,2.950028e-09,0.25,6.791233,6.8576756,2.3504279,-2.7317257,14.459545,0.024784482758620635,0.0,0.020339439655172365,0.0,0.03403552789641303,0.0,True,Cancer cells_vs_Mast cells,Cancer cells,Mast cells
EXO1,0.9803685897435898,0.019631410256410242,3.9107972661446655,4.173353e-06,1.9239681e-07,2.950028e-09,0.25,4.1593585,4.152891,1.852539,-3.6220398,10.415661,0.0413523706896552,0.0,0.030980603448275766,0.0,0.05899669361875385,0.0,True,Cancer cells_vs_Mast cells,Cancer cells,Mast cells
RAD51,0.9793669871794872,0.020633012820512775,3.860013599899612,1.0010751e-05,9.713438e-07,2.950028e-09,0.25,3.238843,3.2720594,1.3650919,-2.6146479,7.9234953,0.05522629310344855,0.0016313213703099511,0.04135237068965529,0.0016313213703099511,0.09942952432403473,0.009607310779210548,True,Cancer cells_vs_Mast cells,Cancer cells,Mast cells
XRCC2,0.9731570512820513,0.026842948717948678,3.5905419473497977,4.9662494e-06,3.586528e-07,2.950028e-09,0.25,3.6709642,3.588416,1.841629,-3.3509045,11.4962435,0.04175646551724146,0.0,0.036503232758620704,0.0,0.05534388995101548,0.0,True,Cancer cells_vs_Mast cells,Cancer cells,Mast cells
RAD54L,0.9705528846153846,0.02944711538461542,3.4952696082577557,1.2516663e-05,7.7449516e-07,2.950028e-09,0.25,3.7054846,3.7295284,1.7716306,-3.4368,9.276279,0.038658405172413854,0.0016313213703099511,0.03165409482758612,0.0016313213703099511,0.061298654163453134,0.0017012424343622393,True,Cancer cells_vs_Mast cells,Cancer cells,Mast cells
CHEK1,0.9561298076923077,0.04387019230769229,3.0816583697030473,1.3852299e-05,2.2376175e-06,2.950028e-09,0.25,2.6596742,2.6911983,1.4236541,-4.2549953,7.8723993,0.08647629310344906,0.004893964110929854,0.07139008620689731,0.004893964110929854,0.12890108234517808,0.015866008991651123,True,Cancer cells_vs_Mast cells,Cancer cells,Mast cells
TTK,0.9479166666666666,0.05208333333333337,2.9014214126322178,1.391486e-05,1.6069552e-06,2.950028e-09,0.25,2.7444956,2.6602983,1.6206282,-2.229435,9.049499,0.10627693965517294,0.0,0.056438577586207336,0.0,0.19563609150253208,0.0,True,Cancer cells_vs_Mast cells,Cancer cells,Mast cells
UBE2T,0.946113782051282,0.05388621794871795,2.8654879152876402,7.025636e-05,5.8080454e-06,2.950028e-09,0.25,2.9908962,2.9847846,1.6781603,-3.9901247,7.8572884,0.5647898706896498,0.019575856443719414,0.2425915948275906,0.01468189233278956,1.0653360512104424,0.04837268459442183,True,Cancer cells_vs_Mast cells,Cancer cells,Mast cells
POLE2,0.9264823717948718,0.0735176282051282,2.53386967666368,9.115716e-06,2.0544887e-06,2.950028e-09,0.25,2.0019674,1.9834595,1.2267249,-2.509447,6.124138,0.05185883620689682,0.0032626427406199023,0.04431573275862087,0.0032626427406199023,0.07740881011256522,0.0038495694964985473,True,Cancer cells_vs_Mast cells,Cancer cells,Mast cells
EME1,0.9106570512820513,0.08934294871794868,2.3216839514452627,2.630304e-06,4.4806393e-07,2.950028e-09,0.25,2.381036,2.2955437,1.631615,-3.1171703,7.614543,0.019531249999999955,0.0,0.01831896551724134,0.0,0.026556511718484114,0.0,True,Cancer cells_vs_Mast cells,Cancer cells,Mast cells
CDC25C,0.9082532051282052,0.09174679487179482,2.2924905489678085,6.3328166e-06,8.374116e-07,2.950028e-09,0.25,2.3443599,2.2983084,1.6297545,-3.4298992,8.614254,0.04108297413793112,0.0016313213703099511,0.02990301724137922,0.0016313213703099511,0.0703278003465587,0.0017053328144574023,True,Cancer cells_vs_Mast cells,Cancer cells,Mast cells
BRIP1,0.9068509615384616,0.09314903846153844,2.27577724552094,4.1856224e-06,5.419035e-07,2.950028e-09,0.25,2.8546398,2.7553988,2.0419793,-4.2081776,11.06206,0.026400862068965462,0.0016313213703099511,0.022225215517241322,0.0016313213703099511,0.03250418830524154,0.0014306071825922573,True,Cancer cells_vs_Mast cells,Cancer cells,Mast cells
RRM2,0.8952323717948718,0.1047676282051282,2.1453384005894867,5.075327e-05,5.8750165e-06,2.950028e-09,0.25,2.6316807,2.6205392,1.9092158,-5.113018,8.592312,0.2289870689655185,0.013050570962479609,0.08970905172413908,0.008156606851549756,0.44173274042784977,0.029805089941986402,True,Cancer cells_vs_Mast cells,Cancer cells,Mast cells
POLQ,0.8782051282051282,0.1217948717948718,1.9755418759432861,4.453441e-06,5.643138e-07,2.950028e-09,0.25,2.7494817,2.704854,2.1779664,-5.384897,11.0699835,0.015490301724137909,0.0016313213703099511,0.013469827586206877,0.0016313213703099511,0.020717238520384828,0.003261338205337767,False,Cancer cells_vs_Mast cells,Cancer cells,Mast cells
RAD54B,0.8467548076923077,0.1532451923076923,1.7093719132951486,6.2886033e-06,1.2028138e-06,2.950028e-09,0.25,1.8973757,1.8396482,1.6103351,-4.09746,7.044281,0.028825431034482683,0.0032626427406199023,0.026131465517241305,0.0016313213703099511,0.04275885725121372,0.0028612143651845145,False,Cancer cells_vs_Mast cells,Cancer cells,Mast cells
BRCA1,0.8245192307692307,0.17548076923076927,1.5472709611595286,1.20714085e-05,2.8524735e-06,2.950028e-09,0.25,1.6755362,1.6714869,1.5767343,-5.004133,8.508165,0.09226831896551792,0.008156606851549756,0.0666756465517248,0.0065252854812398045,0.11451302353592634,0.020691615654677142,False,Cancer cells_vs_Mast cells,Cancer cells,Mast cells
FEN1,0.8086939102564102,0.19130608974358976,1.4415457404655787,4.8157544e-05,1.4590013e-05,2.950028e-09,0.25,1.4270211,1.4032173,1.3937653,-4.278948,6.7191935,0.23410560344827824,0.024469820554649267,0.13806573275862286,0.021207177814029365,0.3652160990714279,0.08150752497371039,False,Cancer cells_vs_Mast cells,Cancer cells,Mast cells
RFC4,0.7161458333333334,0.28385416666666663,0.925423194171707,6.175837e-05,3.556487e-05,2.950028e-09,0.25,1.0015413,1.0728235,1.3372148,-4.1822433,5.774476,0.27922952586207117,0.01468189233278956,0.17093211206896838,0.01468189233278956,0.4311317437416015,0.061515616639970495,False,Cancer cells_vs_Mast cells,Cancer cells,Mast cells
H2AFX,0.7035256410256411,0.2964743589743589,0.8641435684812405,5.4287033e-05,2.2515836e-05,2.950028e-09,0.25,0.9141658,0.8301134,1.151979,-2.5240326,4.8772945,0.23908943965517535,0.07177814029363791,0.15086206896551968,0.06362153344208815,0.3419836328563242,0.2840438035331481,False,Cancer cells_vs_Mast cells,Cancer cells,Mast cells
FANCB,0.6901041666666666,0.30989583333333337,0.8006063150963517,4.817873e-06,1.6840836e-06,2.950028e-09,0.25,1.2281222,1.0935478,1.8798136,-4.4813404,8.679318,0.026670258620689585,0.0065252854812398045,0.024245689655172348,0.0065252854812398045,0.04650415340813736,0.01733226736172745,False,Cancer cells_vs_Mast cells,Cancer cells,Mast cells
CDC25A,0.6778846153846154,0.3221153846153846,0.7440672546941997,1.9779957e-06,6.628276e-07,2.950028e-09,0.25,1.1517669,1.0182219,1.7482564,-4.72624,8.191023,0.0099676724137931,0.0016313213703099511,0.009563577586206894,0.0016313213703099511,0.011353842383066425,0.00871898113474052,False,Cancer cells_vs_Mast cells,Cancer cells,Mast cells
BLM,0.6149839743589743,0.38501602564102566,0.4683112413386467,9.832852e-06,1.3039964e-05,2.950028e-09,0.25,-0.73649967,-0.65387917,1.3919353,-7.049533,3.3781652,0.0471443965517243,0.011419249592169658,0.038927801724138,0.011419249592169658,0.08224828622912823,0.048459084468766345,False,Cancer cells_vs_Mast cells,Cancer cells,Mast cells
TYMS,0.5939503205128205,0.4060496794871795,0.3803201571887226,5.431762e-05,2.6299209e-05,2.950028e-09,0.25,0.64809495,0.63858414,1.6249518,-6.755725,6.293441,0.2669719827586219,0.05872756933115825,0.1330818965517262,0.021207177814029365,0.41144852280305266,0.09588466249234923,False,Cancer cells_vs_Mast cells,Cancer cells,Mast cells
FANCD2,0.5342548076923077,0.4657451923076923,0.13723420340725034,5.162542e-06,3.2436371e-06,2.950028e-09,0.25,0.47209182,0.38938236,1.4802406,-4.806679,5.8793554,0.03838900862068971,0.0065252854812398045,0.033539870689655124,0.0065252854812398045,0.055742164925466214,0.01054287239419252,False,Cancer cells_vs_Mast cells,Cancer cells,Mast cells
FANCI,0.5220352564102564,0.4779647435897436,0.08819815326067804,1.400268e-05,1.3440621e-05,2.950028e-09,0.25,-0.24904346,-0.3289981,1.4109578,-4.5919094,5.738352,0.10344827586206977,0.019575856443719414,0.07354525862069046,0.011419249592169658,0.16771352709045223,0.05091004614041341,False,Cancer cells_vs_Mast cells,Cancer cells,Mast cells
FANCA,0.4619391025641026,0.5380608974358974,-0.15253867319156034,1.6471025e-05,2.5635105e-05,2.950028e-09,0.25,0.07938928,0.11268997,1.3408666,-5.5351257,4.5292635,0.09630926724138023,0.016313213703099513,0.07327586206896632,0.01468189233278956,0.11583185952115005,0.03957432056477459,False,Cancer cells_vs_Mast cells,Cancer cells,Mast cells
EXO1,0.960136217948718,0.03986378205128205,3.181606733996088,4.188163e-06,3.1589593e-07,3.702873e-09,0.25,3.4598396,3.4153671,1.8656582,-4.381487,10.358546,0.0413523706896552,0.000749063670411985,0.030980603448275766,0.000749063670411985,0.05899669361875385,0.0020360523794835145,True,Cancer cells_vs_Alveolar cell,Cancer cells,Alveolar cell
EME1,0.9439102564102564,0.05608974358974361,2.8230779544707016,2.562209e-06,4.714985e-07,3.702873e-09,0.25,2.1856956,2.1043825,1.2921411,-2.8608532,6.8924828,0.019531249999999955,0.0022471910112359553,0.01831896551724134,0.00149812734082397,0.026556511718484114,0.0019249554110520178,True,Cancer cells_vs_Alveolar cell,Cancer cells,Alveolar cell
RAD51,0.9326923076923077,0.06730769230769229,2.6288006915983018,9.898928e-06,1.9344748e-06,3.702873e-09,0.25,2.2440689,2.2418947,1.3382452,-3.1401129,7.5246553,0.05522629310344855,0.00149812734082397,0.04135237068965529,0.00149812734082397,0.09942952432403473,0.0015095219255456156,True,Cancer cells_vs_Alveolar cell,Cancer cells,Alveolar cell
RAD54L,0.9314903846153846,0.06850961538461542,2.6098116262893787,1.2513655e-05,1.4701515e-06,3.702873e-09,0.25,2.724732,2.6662025,1.7231253,-4.3920984,8.693962,0.038658405172413854,0.000749063670411985,0.03165409482758612,0.000749063670411985,0.061298654163453134,0.0008126097531047788,True,Cancer cells_vs_Alveolar cell,Cancer cells,Alveolar cell
TTK,0.9112580128205128,0.08874198717948723,2.3290928358124843,1.3206471e-05,2.1034625e-06,3.702873e-09,0.25,2.3064742,2.2329235,1.5707418,-4.0990324,7.8815317,0.10627693965517294,0.000749063670411985,0.056438577586207336,0.000749063670411985,0.19563609150253208,0.0005975300497862038,False,Cancer cells_vs_Alveolar cell,Cancer cells,Alveolar cell
POLE2,0.9000400641025641,0.0999599358974359,2.1976697243891827,9.1371185e-06,2.4566912e-06,3.702873e-09,0.25,1.7427423,1.7423744,1.1747724,-2.6656475,6.2055235,0.05185883620689682,0.0052434456928838954,0.04431573275862087,0.0052434456928838954,0.07740881011256522,0.014625592428097797,False,Cancer cells_vs_Alveolar cell,Cancer cells,Alveolar cell
FEN1,0.8926282051282052,0.10737179487179482,2.1178725386048667,4.8196296e-05,1.0415712e-05,3.702873e-09,0.25,1.937214,1.906631,1.388045,-3.4299011,7.0302334,0.23410560344827824,0.029213483146067407,0.13806573275862286,0.023970037453183518,0.3652160990714279,0.04671555228110242,False,Cancer cells_vs_Alveolar cell,Cancer cells,Alveolar cell
RRM2,0.8868189102564102,0.11318108974358976,2.0586516245079807,5.059506e-05,6.6184034e-06,3.702873e-09,0.25,2.5332947,2.5087094,1.926979,-6.081024,9.430995,0.2289870689655185,0.012734082397003748,0.08970905172413908,0.008239700374531835,0.44173274042784977,0.011070946701275503,False,Cancer cells_vs_Alveolar cell,Cancer cells,Alveolar cell
RFC4,0.8780048076923077,0.12199519230769229,1.9736703621279315,6.395467e-05,1.727969e-05,3.702873e-09,0.25,1.6901968,1.7124577,1.2482057,-4.007737,5.8415613,0.27922952586207117,0.0247191011235955,0.17093211206896838,0.021722846441947566,0.4311317437416015,0.06106690228762052,False,Cancer cells_vs_Alveolar cell,Cancer cells,Alveolar cell
CDC25C,0.8643830128205128,0.13561698717948723,1.852181268437126,6.0806974e-06,1.1165889e-06,3.702873e-09,0.25,1.86005,1.7751751,1.5352976,-5.683571,7.881315,0.04108297413793112,0.0,0.02990301724137922,0.0,0.0703278003465587,0.0,False,Cancer cells_vs_Alveolar cell,Cancer cells,Alveolar cell
UBE2T,0.8419471153846154,0.15805288461538458,1.6727874627665134,6.878035e-05,1.1447187e-05,3.702873e-09,0.25,2.0041897,2.013412,1.7063624,-4.3597507,7.463564,0.5647898706896498,0.037453183520599245,0.2425915948275906,0.03146067415730336,1.0653360512104424,0.05437741933304034,False,Cancer cells_vs_Alveolar cell,Cancer cells,Alveolar cell
FANCD2,0.8373397435897436,0.1626602564102564,1.6385661358218773,4.928306e-06,1.2967197e-06,3.702873e-09,0.25,1.842346,1.7789164,1.6357253,-3.939705,8.496771,0.03838900862068971,0.010486891385767793,0.033539870689655124,0.010486891385767793,0.055742164925466214,0.020357115124980674,False,Cancer cells_vs_Alveolar cell,Cancer cells,Alveolar cell
XRCC2,0.8357371794871795,0.16426282051282048,1.6268464269498017,4.8064535e-06,9.924145e-07,3.702873e-09,0.25,1.944791,1.9261055,1.7237031,-4.47069,8.342365,0.04175646551724146,0.000749063670411985,0.036503232758620704,0.000749063670411985,0.05534388995101548,0.0009371495939096522,False,Cancer cells_vs_Alveolar cell,Cancer cells,Alveolar cell
NEIL3,0.8131009615384616,0.18689903846153844,1.470286674785328,4.25538e-06,6.063657e-07,3.702873e-09,0.25,1.9978045,1.9437275,1.980283,-6.2325964,9.0928135,0.024784482758620635,0.0022471910112359553,0.020339439655172365,0.0022471910112359553,0.03403552789641303,0.003894680562463745,False,Cancer cells_vs_Alveolar cell,Cancer cells,Alveolar cell
BLM,0.7602163461538461,0.23978365384615385,1.1538659557216477,9.594611e-06,3.602421e-06,3.702873e-09,0.25,1.3053954,1.3355656,1.51655,-5.465246,6.4636087,0.0471443965517243,0.000749063670411985,0.038927801724138,0.000749063670411985,0.08224828622912823,0.0009398540406674843,False,Cancer cells_vs_Alveolar cell,Cancer cells,Alveolar cell
POLQ,0.7584134615384616,0.24158653846153844,1.1440009262745237,4.273983e-06,1.0901376e-06,3.702873e-09,0.25,1.8058536,1.7871122,2.2413936,-6.012247,10.105326,0.015490301724137909,0.000749063670411985,0.013469827586206877,0.000749063670411985,0.020717238520384828,0.0010000850072256142,False,Cancer cells_vs_Alveolar cell,Cancer cells,Alveolar cell
FANCI,0.7582131410256411,0.24178685897435892,1.1429079166041816,1.3865259e-05,4.638258e-06,3.702873e-09,0.25,1.2309287,1.1615105,1.3564444,-3.3452282,6.1226606,0.10344827586206977,0.013483146067415736,0.07354525862069046,0.013483146067415736,0.16771352709045223,0.021129762754138148,False,Cancer cells_vs_Alveolar cell,Cancer cells,Alveolar cell
FANCB,0.7431891025641025,0.25681089743589747,1.0626104926372342,4.691665e-06,1.6029496e-06,3.702873e-09,0.25,1.18121,1.1640825,1.425827,-4.718561,5.9137335,0.026670258620689585,0.0052434456928838954,0.024245689655172348,0.0052434456928838954,0.04650415340813736,0.005107537037868602,False,Cancer cells_vs_Alveolar cell,Cancer cells,Alveolar cell
TYMS,0.7161458333333334,0.28385416666666663,0.925423194171707,5.4733762e-05,1.8177141e-05,3.702873e-09,0.25,1.2498941,1.18291,1.680924,-5.195776,7.573102,0.2669719827586219,0.05468164794007488,0.1330818965517262,0.03370786516853931,0.41144852280305266,0.06804368560437801,False,Cancer cells_vs_Alveolar cell,Cancer cells,Alveolar cell
RAD54B,0.7001201923076923,0.2998798076923077,0.847870251184851,6.19183e-06,2.5376605e-06,3.702873e-09,0.25,1.0843654,1.0650816,1.5697895,-4.03236,6.2633915,0.028825431034482683,0.00299625468164794,0.026131465517241305,0.00299625468164794,0.04275885725121372,0.0023873909441031564,False,Cancer cells_vs_Alveolar cell,Cancer cells,Alveolar cell
FANCA,0.6610576923076923,0.3389423076923077,0.66801119291213,1.6140533e-05,9.580475e-06,3.702873e-09,0.25,0.79599196,0.78560257,1.2921568,-4.1222744,5.782118,0.09630926724138023,0.022471910112359553,0.07327586206896632,0.021722846441947566,0.11583185952115005,0.04407312096131537,False,Cancer cells_vs_Alveolar cell,Cancer cells,Alveolar cell
CDC25A,0.6396233974358975,0.36037660256410253,0.5737299466496999,1.9685554e-06,9.1589374e-07,3.702873e-09,0.25,0.8429839,0.7747135,1.5562606,-4.147848,7.035432,0.0099676724137931,0.000749063670411985,0.009563577586206894,0.000749063670411985,0.011353842383066425,0.0006672578571280821,False,Cancer cells_vs_Alveolar cell,Cancer cells,Alveolar cell
BRCA1,0.6147836538461539,0.38521634615384615,0.467465299337403,1.1858508e-05,5.7097213e-06,3.702873e-09,0.25,0.7496102,0.6894436,1.6241429,-5.2983475,7.358651,0.09226831896551792,0.006741573033707865,0.0666756465517248,0.00599250936329588,0.11451302353592634,0.006416925692553006,False,Cancer cells_vs_Alveolar cell,Cancer cells,Alveolar cell
CHEK1,0.5859375,0.4140625,0.3471961928999121,1.3662523e-05,8.2030165e-06,3.702873e-09,0.25,0.51494557,0.53925705,1.2681934,-4.8933477,5.637992,0.08647629310344906,0.013483146067415734,0.07139008620689731,0.011985018726591764,0.12890108234517808,0.026919479808701317,False,Cancer cells_vs_Alveolar cell,Cancer cells,Alveolar cell
BRIP1,0.4859775641025641,0.5140224358974359,-0.05610445454890867,4.097379e-06,3.5427686e-06,3.702873e-09,0.25,-0.064017996,-0.18304825,2.019379,-6.0105133,7.7829523,0.026400862068965462,0.00749063670411985,0.022225215517241322,0.00599250936329588,0.03250418830524154,0.020609772172119796,False,Cancer cells_vs_Alveolar cell,Cancer cells,Alveolar cell
H2AFX,0.48197115384615385,0.5180288461538461,-0.0721466613529933,5.292665e-05,3.3584118e-05,3.702873e-09,0.25,0.32346418,0.20991945,1.0329034,-3.1027517,4.9704475,0.23908943965517535,0.15505617977528122,0.15086206896551968,0.12434456928838938,0.3419836328563242,0.273899896549412,False,Cancer cells_vs_Alveolar cell,Cancer cells,Alveolar cell
NEIL3,0.9138621794871795,0.08613782051282048,2.361731089006278,4.2471315e-06,2.9969988e-07,3.0031646e-09,0.25,3.4596508,3.4693022,2.3399572,-4.427496,10.8622055,0.024784482758620635,0.0011487650775416428,0.020339439655172365,0.0011487650775416428,0.03403552789641303,0.004257605887972621,True,Cancer cells_vs_Natural killer cells,Cancer cells,Natural killer cells
CDC25C,0.8876201923076923,0.11237980769230771,2.0666595879589194,6.1833684e-06,8.198658e-07,3.0031646e-09,0.25,2.5333874,2.4457054,1.8719771,-4.273943,9.542458,0.04108297413793112,0.0005743825387708214,0.02990301724137922,0.0005743825387708214,0.0703278003465587,0.0064755641349585275,True,Cancer cells_vs_Natural killer cells,Cancer cells,Natural killer cells
CDC25A,0.8729967948717948,0.12700320512820518,1.9277194937839672,1.9094125e-06,3.4785785e-07,3.0031646e-09,0.25,2.1481903,2.0935926,1.7139028,-5.219925,7.821741,0.0099676724137931,0.0,0.009563577586206894,0.0,0.011353842383066425,0.0,True,Cancer cells_vs_Natural killer cells,Cancer cells,Natural killer cells
RAD54L,0.8577724358974359,0.1422275641025641,1.796910440462514,1.2187152e-05,2.12566e-06,3.0031646e-09,0.25,2.059467,1.978044,1.7313985,-5.0218935,8.127909,0.038658405172413854,0.0005743825387708214,0.03165409482758612,0.0005743825387708214,0.061298654163453134,0.003543383952935357,False,Cancer cells_vs_Natural killer cells,Cancer cells,Natural killer cells
TTK,0.8391426282051282,0.1608573717948718,1.6518625567503262,1.3374447e-05,2.704379e-06,3.0031646e-09,0.25,1.770501,1.6851468,1.5441731,-3.0162754,7.9514704,0.10627693965517294,0.0,0.056438577586207336,0.0,0.19563609150253208,0.0,False,Cancer cells_vs_Natural killer cells,Cancer cells,Natural killer cells
UBE2T,0.8263221153846154,0.17367788461538458,1.559782276512205,6.90353e-05,1.1041347e-05,3.0031646e-09,0.25,1.8881634,1.886548,1.718806,-4.498102,7.506612,0.5647898706896498,0.0068925904652498565,0.2425915948275906,0.0068925904652498565,1.0653360512104424,0.040606968347788534,False,Cancer cells_vs_Natural killer cells,Cancer cells,Natural killer cells
FEN1,0.8076923076923077,0.1923076923076923,1.4350844856702765,4.756987e-05,1.4028097e-05,3.0031646e-09,0.25,1.5207986,1.5086632,1.4858778,-4.423685,6.6077776,0.23410560344827824,0.018380241240666284,0.13806573275862286,0.017805858701895463,0.3652160990714279,0.10673691117626749,False,Cancer cells_vs_Natural killer cells,Cancer cells,Natural killer cells
POLE2,0.7750400641025641,0.2249599358974359,1.2369923684122697,9.154536e-06,3.3170543e-06,3.0031646e-09,0.25,1.3468449,1.2798634,1.420375,-4.4012375,5.8819704,0.05185883620689682,0.0034462952326249283,0.04431573275862087,0.0034462952326249283,0.07740881011256522,0.022584640392210295,False,Cancer cells_vs_Natural killer cells,Cancer cells,Natural killer cells
BRIP1,0.7686298076923077,0.2313701923076923,1.2005904370804443,3.8934804e-06,1.0717503e-06,3.0031646e-09,0.25,1.7608259,1.6389933,2.1084948,-5.9621143,9.469338,0.026400862068965462,0.002871912693854107,0.022225215517241322,0.002871912693854107,0.03250418830524154,0.01759605970579693,False,Cancer cells_vs_Natural killer cells,Cancer cells,Natural killer cells
FANCA,0.7684294871794872,0.23157051282051277,1.199464356601172,1.6596929e-05,7.826969e-05,3.0031646e-09,0.25,-1.2355987,-1.1688046,1.365649,-6.5576916,3.4598923,0.09630926724138023,0.017805858701895463,0.07327586206896632,0.017805858701895463,0.11583185952115005,0.11063005691141622,False,Cancer cells_vs_Natural killer cells,Cancer cells,Natural killer cells
CHEK1,0.7485977564102564,0.2514022435897436,1.0911475515010167,1.3813793e-05,5.5751725e-06,3.0031646e-09,0.25,1.2541075,1.2615061,1.5025995,-4.623618,5.802706,0.08647629310344906,0.0022975301550832855,0.07139008620689731,0.0022975301550832855,0.12890108234517808,0.018055794971602403,False,Cancer cells_vs_Natural killer cells,Cancer cells,Natural killer cells
EXO1,0.7435897435897436,0.2564102564102564,1.064710711440705,4.0929895e-06,9.3728664e-07,3.0031646e-09,0.25,1.4922583,1.4986916,1.8688787,-6.365099,8.899615,0.0413523706896552,0.0005743825387708214,0.030980603448275766,0.0005743825387708214,0.05899669361875385,0.0034148783517884743,False,Cancer cells_vs_Natural killer cells,Cancer cells,Natural killer cells
RRM2,0.7085336538461539,0.29146634615384615,0.8882729894042656,4.9338207e-05,1.29366645e-05,3.0031646e-09,0.25,1.370075,1.3804064,1.9105277,-6.736107,7.6234436,0.2289870689655185,0.007466973004020678,0.08970905172413908,0.007466973004020678,0.44173274042784977,0.05432220975393293,False,Cancer cells_vs_Natural killer cells,Cancer cells,Natural killer cells
BLM,0.6560496794871795,0.3439503205128205,0.6457392733406591,9.515789e-06,1.4296182e-05,3.0031646e-09,0.25,-0.8978992,-0.8177347,1.4438499,-6.9150963,3.177291,0.0471443965517243,0.012062033314187249,0.038927801724138,0.012062033314187249,0.08224828622912823,0.10296382219860772,False,Cancer cells_vs_Natural killer cells,Cancer cells,Natural killer cells
RAD54B,0.639823717948718,0.36017628205128205,0.574599101608515,6.063151e-06,2.5573904e-06,3.0031646e-09,0.25,0.8878113,0.8665676,1.650771,-5.587654,5.981702,0.028825431034482683,0.0017231476163124641,0.026131465517241305,0.0017231476163124641,0.04275885725121372,0.011013785223427119,False,Cancer cells_vs_Natural killer cells,Cancer cells,Natural killer cells
XRCC2,0.5979567307692307,0.4020432692307693,0.3969586688810378,4.668541e-06,2.34298e-06,3.0031646e-09,0.25,0.71398216,0.6818104,1.755614,-6.305811,7.347065,0.04175646551724146,0.0017231476163124641,0.036503232758620704,0.0017231476163124641,0.05534388995101548,0.013622248039743705,False,Cancer cells_vs_Natural killer cells,Cancer cells,Natural killer cells
EME1,0.5967548076923077,0.4032451923076923,0.3919615190319845,2.5358213e-06,1.2690654e-06,3.0031646e-09,0.25,0.7104239,0.63661003,1.6028867,-4.930153,6.27291,0.019531249999999955,0.0005743825387708214,0.01831896551724134,0.0005743825387708214,0.026556511718484114,0.0035764790708021255,False,Cancer cells_vs_Natural killer cells,Cancer cells,Natural killer cells
H2AFX,0.5839342948717948,0.4160657051282052,0.33894526799902946,5.223831e-05,5.847481e-05,3.0031646e-09,0.25,-0.43745896,-0.48446465,1.1343353,-4.5097437,4.1553926,0.23908943965517535,0.07581849511774817,0.15086206896551968,0.07237219988512325,0.3419836328563242,0.49578393160847817,False,Cancer cells_vs_Natural killer cells,Cancer cells,Natural killer cells
BRCA1,0.5745192307692307,0.4254807692307693,0.3003138132607144,1.1358805e-05,5.788436e-06,3.0031646e-09,0.25,0.53501755,0.55858994,1.6516796,-5.8262596,6.982317,0.09226831896551792,0.0068925904652498565,0.0666756465517248,0.006318207926479035,0.11451302353592634,0.04719186117821531,False,Cancer cells_vs_Natural killer cells,Cancer cells,Natural killer cells
RAD51,0.5480769230769231,0.45192307692307687,0.19290366224244648,9.7632355e-06,6.805154e-06,3.0031646e-09,0.25,0.36629808,0.40918636,1.4394476,-5.798644,5.221236,0.05522629310344855,0.0017231476163124641,0.04135237068965529,0.0017231476163124641,0.09942952432403473,0.014649738830213546,False,Cancer cells_vs_Natural killer cells,Cancer cells,Natural killer cells
RFC4,0.5284455128205128,0.4715544871794872,0.11390504317400763,6.3570216e-05,5.7800513e-05,3.0031646e-09,0.25,0.2712315,0.35612106,1.3717264,-4.779154,4.4778843,0.27922952586207117,0.019529006318207927,0.17093211206896838,0.019529006318207927,0.4311317437416015,0.1317802364603284,False,Cancer cells_vs_Natural killer cells,Cancer cells,Natural killer cells
POLQ,0.5124198717948718,0.4875801282051282,0.04968970759711244,4.090746e-06,2.5786405e-06,3.0031646e-09,0.25,0.31831327,0.31495667,2.0854144,-7.2042847,7.403021,0.015490301724137909,0.0,0.013469827586206877,0.0,0.020717238520384828,0.0,False,Cancer cells_vs_Natural killer cells,Cancer cells,Natural killer cells
TYMS,0.5104166666666666,0.48958333333333337,0.04167269556687281,5.3865315e-05,3.5158395e-05,3.0031646e-09,0.25,0.28722864,0.2984934,1.6474891,-6.5864687,5.6020174,0.2669719827586219,0.004595060310166571,0.1330818965517262,0.0034462952326249283,0.41144852280305266,0.024944634241297302,False,Cancer cells_vs_Natural killer cells,Cancer cells,Natural killer cells
FANCI,0.4933894230769231,0.5066105769230769,-0.026443848020488603,1.3579584e-05,8.6527825e-06,3.0031646e-09,0.25,0.28609714,0.23187256,1.4074907,-4.5226192,6.2699223,0.10344827586206977,0.00861573808156232,0.07354525862069046,0.00861573808156232,0.16771352709045223,0.047603508735568775,False,Cancer cells_vs_Natural killer cells,Cancer cells,Natural killer cells
FANCD2,0.4909855769230769,0.5090144230769231,-0.03606159907066342,4.820606e-06,3.2969883e-06,3.0031646e-09,0.25,0.31148854,0.2143383,1.6248858,-5.9839516,6.573015,0.03838900862068971,0.0022975301550832855,0.033539870689655124,0.0022975301550832855,0.055742164925466214,0.013340785417443516,False,Cancer cells_vs_Natural killer cells,Cancer cells,Natural killer cells
FANCB,0.46033653846153844,0.5396634615384616,-0.15898789536843771,4.653821e-06,3.2085752e-06,3.0031646e-09,0.25,0.14460634,0.06655884,1.8282226,-5.703556,5.9980373,0.026670258620689585,0.004595060310166571,0.024245689655172348,0.004595060310166571,0.04650415340813736,0.02948034805014052,False,Cancer cells_vs_Natural killer cells,Cancer cells,Natural killer cells
POLE2,0.9963942307692307,0.0036057692307692735,5.621605103173874,9.075028e-06,7.450075e-07,6.085302e-09,0.25,3.4557848,3.4553404,1.2286744,-1.3991737,7.8241854,0.05185883620689682,0.0,0.04431573275862087,0.0,0.07740881011256522,0.0,True,Cancer cells_vs_Erythroblasts,Cancer cells,Erythroblasts
RAD54B,0.9901842948717948,0.009815705128205177,4.613906406520466,6.3072903e-06,3.2166614e-07,6.085302e-09,0.25,4.0101266,3.9910707,1.7301161,-2.2322807,10.568431,0.028825431034482683,0.0,0.026131465517241305,0.0,0.04275885725121372,0.0,True,Cancer cells_vs_Erythroblasts,Cancer cells,Erythroblasts
EME1,0.9769631410256411,0.02303685897435892,3.7473530034957436,2.5813379e-06,2.5896358e-07,6.085302e-09,0.25,3.140188,3.0384893,1.6175282,-1.9495258,8.988739,0.019531249999999955,0.0,0.01831896551724134,0.0,0.026556511718484114,0.0,True,Cancer cells_vs_Erythroblasts,Cancer cells,Erythroblasts
FEN1,0.9689503205128205,0.031049679487179516,3.440624544159718,4.8452177e-05,6.20083e-06,6.085302e-09,0.25,2.760745,2.6779141,1.4568002,-3.677765,9.330129,0.23410560344827824,0.0,0.13806573275862286,0.0,0.3652160990714279,0.0,True,Cancer cells_vs_Erythroblasts,Cancer cells,Erythroblasts
RAD51,0.9677483974358975,0.03225160256410253,3.4014040998411454,9.837056e-06,1.4097127e-06,6.085302e-09,0.25,2.609539,2.5624757,1.3325664,-1.9523392,7.791547,0.05522629310344855,0.0,0.04135237068965529,0.0,0.09942952432403473,0.0,True,Cancer cells_vs_Erythroblasts,Cancer cells,Erythroblasts
CHEK1,0.9631410256410257,0.03685897435897434,3.263100457684443,1.3820783e-05,1.7704881e-06,6.085302e-09,0.25,2.9508154,2.9603453,1.4740707,-2.6286297,8.158751,0.08647629310344906,0.0,0.07139008620689731,0.0,0.12890108234517808,0.0,True,Cancer cells_vs_Erythroblasts,Cancer cells,Erythroblasts
TYMS,0.9439102564102564,0.05608974358974361,2.8230779544707016,5.538937e-05,5.9934473e-06,6.085302e-09,0.25,2.7438629,2.710866,1.6452656,-2.1955004,8.910488,0.2669719827586219,0.0,0.1330818965517262,0.0,0.41144852280305266,0.0,True,Cancer cells_vs_Erythroblasts,Cancer cells,Erythroblasts
RAD54L,0.9372996794871795,0.06270032051282048,2.704636351506205,1.2664159e-05,1.3987751e-06,6.085302e-09,0.25,2.805206,2.766862,1.6904237,-2.7514343,8.988161,0.038658405172413854,0.0,0.03165409482758612,0.0,0.061298654163453134,0.0,True,Cancer cells_vs_Erythroblasts,Cancer cells,Erythroblasts
EXO1,0.9324919871794872,0.06750801282051277,2.6256141219522062,4.2004353e-06,3.5306684e-07,6.085302e-09,0.25,2.769656,2.7269812,1.7074709,-3.297001,8.997971,0.0413523706896552,0.0,0.030980603448275766,0.0,0.05899669361875385,0.0,True,Cancer cells_vs_Erythroblasts,Cancer cells,Erythroblasts
CDC25A,0.9276842948717948,0.07231570512820518,2.5516500206448605,1.9679933e-06,2.447099e-07,6.085302e-09,0.25,2.4404433,2.3314323,1.614093,-2.8328075,9.280318,0.0099676724137931,0.0,0.009563577586206894,0.0,0.011353842383066425,0.0,True,Cancer cells_vs_Erythroblasts,Cancer cells,Erythroblasts
RFC4,0.9158653846153846,0.08413461538461542,2.3874512056987864,6.346443e-05,1.1417561e-05,6.085302e-09,0.25,2.8537726,2.9859195,1.7657692,-2.862317,8.505884,0.27922952586207117,0.0,0.17093211206896838,0.0,0.4311317437416015,0.0,True,Cancer cells_vs_Erythroblasts,Cancer cells,Erythroblasts
UBE2T,0.9130608974358975,0.08693910256410253,2.3515945716343625,6.94516e-05,7.06709e-06,6.085302e-09,0.25,2.7346272,2.6804452,1.7921131,-2.5999985,8.803046,0.5647898706896498,0.0,0.2425915948275906,0.0,1.0653360512104424,0.0,True,Cancer cells_vs_Erythroblasts,Cancer cells,Erythroblasts
XRCC2,0.8996394230769231,0.10036057692307687,2.1932244834777244,4.8212955e-06,7.105478e-07,6.085302e-09,0.25,2.5836012,2.577055,1.8282079,-4.2421703,9.407984,0.04175646551724146,0.0,0.036503232758620704,0.0,0.05534388995101548,0.0,True,Cancer cells_vs_Erythroblasts,Cancer cells,Erythroblasts
RRM2,0.899238782051282,0.10076121794871795,2.188794980558182,5.119534e-05,5.3117788e-06,6.085302e-09,0.25,2.5890603,2.5528698,1.86575,-3.4621181,8.8480015,0.2289870689655185,0.0,0.08970905172413908,0.0,0.44173274042784977,0.0,True,Cancer cells_vs_Erythroblasts,Cancer cells,Erythroblasts
BRCA1,0.8960336538461539,0.10396634615384615,2.1539106352422883,1.1857436e-05,2.0312698e-06,6.085302e-09,0.25,2.3191524,2.3349524,1.6744374,-4.227104,7.8572273,0.09226831896551792,0.0,0.0666756465517248,0.0,0.11451302353592634,0.0,True,Cancer cells_vs_Erythroblasts,Cancer cells,Erythroblasts
NEIL3,0.8916266025641025,0.10837339743589747,2.1074647091112664,4.3912787e-06,3.7877896e-07,6.085302e-09,0.25,2.9649086,2.9066734,2.2236476,-5.2950115,10.387108,0.024784482758620635,0.0,0.020339439655172365,0.0,0.03403552789641303,0.0,True,Cancer cells_vs_Erythroblasts,Cancer cells,Erythroblasts
FANCI,0.8908253205128205,0.10917467948717952,2.0991991154766714,1.3876648e-05,2.7425951e-06,6.085302e-09,0.25,2.1411989,2.153839,1.5251573,-3.3391876,7.031831,0.10344827586206977,0.0,0.07354525862069046,0.0,0.16771352709045223,0.0,True,Cancer cells_vs_Erythroblasts,Cancer cells,Erythroblasts
FANCD2,0.8725961538461539,0.12740384615384615,1.9241108536822213,4.944078e-06,1.0410287e-06,6.085302e-09,0.25,2.5196872,2.6228561,1.8794475,-4.264818,8.340694,0.03838900862068971,0.0,0.033539870689655124,0.0,0.055742164925466214,0.0,False,Cancer cells_vs_Erythroblasts,Cancer cells,Erythroblasts
TTK,0.821113782051282,0.17888621794871795,1.5239116959049643,1.3668044e-05,3.3211818e-06,6.085302e-09,0.25,1.7606338,1.7478852,1.6756042,-4.1756287,7.7391043,0.10627693965517294,0.0,0.056438577586207336,0.0,0.19563609150253208,0.0,False,Cancer cells_vs_Erythroblasts,Cancer cells,Erythroblasts
BRIP1,0.8012820512820513,0.19871794871794868,1.3943264949745757,4.0059685e-06,9.1911414e-07,6.085302e-09,0.25,1.8340992,1.784646,1.8893646,-5.2938843,9.442656,0.026400862068965462,0.0,0.022225215517241322,0.0,0.03250418830524154,0.0,False,Cancer cells_vs_Erythroblasts,Cancer cells,Erythroblasts
H2AFX,0.7558092948717948,0.24419070512820518,1.1298395627622906,5.4136934e-05,2.1357284e-05,6.085302e-09,0.25,1.4542624,1.5274081,1.6759106,-3.5970936,7.0923414,0.23908943965517535,0.0,0.15086206896551968,0.0,0.3419836328563242,0.0,False,Cancer cells_vs_Erythroblasts,Cancer cells,Erythroblasts
POLQ,0.7512019230769231,0.24879807692307687,1.1050328295897969,4.2644624e-06,1.067783e-06,6.085302e-09,0.25,1.6574869,1.7001934,2.028831,-5.695814,8.1804085,0.015490301724137909,0.0,0.013469827586206877,0.0,0.020717238520384828,0.0,False,Cancer cells_vs_Erythroblasts,Cancer cells,Erythroblasts
BLM,0.6921073717948718,0.3078926282051282,0.8099899746329453,9.804272e-06,4.389075e-06,6.085302e-09,0.25,0.99929136,1.078177,1.6096933,-5.9589214,5.5797815,0.0471443965517243,0.0,0.038927801724138,0.0,0.08224828622912823,0.0,False,Cancer cells_vs_Erythroblasts,Cancer cells,Erythroblasts
FANCB,0.6466346153846154,0.3533653846153846,0.6042787799884676,4.7074122e-06,1.9465601e-06,6.085302e-09,0.25,0.90437883,0.8874502,1.6753592,-4.5995083,7.035576,0.026670258620689585,0.0,0.024245689655172348,0.0,0.04650415340813736,0.0,False,Cancer cells_vs_Erythroblasts,Cancer cells,Erythroblasts
CDC25C,0.6045673076923077,0.3954326923076923,0.42453241058636926,6.261825e-06,2.336164e-06,6.085302e-09,0.25,0.7543487,0.67628765,1.6101875,-5.385063,6.6862736,0.04108297413793112,0.0,0.02990301724137922,0.0,0.0703278003465587,0.0,False,Cancer cells_vs_Erythroblasts,Cancer cells,Erythroblasts
FANCA,0.5402644230769231,0.45973557692307687,0.16140719740290577,1.6848677e-05,3.8608898e-05,6.085302e-09,0.25,0.25719965,0.43495083,1.8155408,-6.2827787,5.3753138,0.09630926724138023,0.0,0.07327586206896632,0.0,0.11583185952115005,0.0,False,Cancer cells_vs_Erythroblasts,Cancer cells,Erythroblasts
RAD51,0.8149038461538461,0.18509615384615385,1.4821946437721802,9.827469e-06,3.341828e-06,3.0450449e-09,0.25,1.4546901,1.4820194,1.3690096,-3.3893604,6.012645,0.05522629310344855,0.0,0.04135237068965529,0.0,0.09942952432403473,0.0,False,Cancer cells_vs_Lymphatic EC,Cancer cells,Lymphatic EC
FANCA,0.7760416666666666,0.22395833333333337,1.2427461584866408,1.6792681e-05,6.3057014e-06,3.0450449e-09,0.25,1.193759,1.1740599,1.2492887,-3.299612,6.2392807,0.09630926724138023,0.0,0.07327586206896632,0.0,0.11583185952115005,0.0,False,Cancer cells_vs_Lymphatic EC,Cancer cells,Lymphatic EC
FEN1,0.7461939102564102,0.25380608974358976,1.078414924493706,4.789882e-05,1.7055863e-05,3.0450449e-09,0.25,1.1437658,1.1360073,1.305872,-3.4334278,5.6666,0.23410560344827824,0.011764705882352941,0.13806573275862286,0.011764705882352941,0.3652160990714279,0.02206847848875059,False,Cancer cells_vs_Lymphatic EC,Cancer cells,Lymphatic EC
NEIL3,0.7441907051282052,0.2558092948717948,1.0678650754651162,4.413186e-06,8.557721e-07,3.0450449e-09,0.25,1.6293502,1.5873146,2.0336049,-5.5250225,7.876051,0.024784482758620635,0.0,0.020339439655172365,0.0,0.03403552789641303,0.0,False,Cancer cells_vs_Lymphatic EC,Cancer cells,Lymphatic EC
EME1,0.7189503205128205,0.2810496794871795,0.9392607893734155,2.612249e-06,9.807139e-07,3.0450449e-09,0.25,1.0434967,1.0088692,1.3197409,-3.5983067,5.6551743,0.019531249999999955,0.0,0.01831896551724134,0.0,0.026556511718484114,0.0,False,Cancer cells_vs_Lymphatic EC,Cancer cells,Lymphatic EC
FANCB,0.6734775641025641,0.3265224358974359,0.7239560043902911,4.6865157e-06,1.8654353e-06,3.0450449e-09,0.25,0.8694948,0.8707199,1.4970156,-5.965948,5.8805294,0.026670258620689585,0.0,0.024245689655172348,0.0,0.04650415340813736,0.0,False,Cancer cells_vs_Lymphatic EC,Cancer cells,Lymphatic EC
UBE2T,0.671073717948718,0.32892628205128205,0.7130453193062827,6.978205e-05,2.0782492e-05,3.0450449e-09,0.25,0.9907781,1.0063801,1.640758,-4.622178,5.313282,0.5647898706896498,0.0,0.2425915948275906,0.0,1.0653360512104424,0.0,False,Cancer cells_vs_Lymphatic EC,Cancer cells,Lymphatic EC
CDC25A,0.6318108974358975,0.36818910256410253,0.5399934532749159,1.9044141e-06,8.6846643e-07,3.0450449e-09,0.25,0.7553788,0.71311665,1.4427218,-4.5079937,5.9971733,0.0099676724137931,0.0,0.009563577586206894,0.0,0.011353842383066425,0.0,False,Cancer cells_vs_Lymphatic EC,Cancer cells,Lymphatic EC
EXO1,0.6282051282051282,0.3717948717948718,0.5245244571459685,4.142528e-06,1.525742e-06,3.0450449e-09,0.25,0.82340527,0.8019724,1.6730224,-4.8437996,6.634304,0.0413523706896552,0.0,0.030980603448275766,0.0,0.05899669361875385,0.0,False,Cancer cells_vs_Lymphatic EC,Cancer cells,Lymphatic EC
POLQ,0.6278044871794872,0.3721955128205128,0.522809492603109,4.161114e-06,1.6452086e-06,3.0450449e-09,0.25,0.80051434,0.8638487,1.8223485,-5.7986336,7.60623,0.015490301724137909,0.0,0.013469827586206877,0.0,0.020717238520384828,0.0,False,Cancer cells_vs_Lymphatic EC,Cancer cells,Lymphatic EC
CDC25C,0.6177884615384616,0.38221153846153844,0.48017187269823713,6.1673904e-06,2.3202806e-06,3.0450449e-09,0.25,0.8406224,0.7577152,1.6324745,-4.3433685,6.6872854,0.04108297413793112,0.0,0.02990301724137922,0.0,0.0703278003465587,0.0,False,Cancer cells_vs_Lymphatic EC,Cancer cells,Lymphatic EC
RAD54L,0.6165865384615384,0.38341346153846156,0.475084732522744,1.2281236e-05,4.6089085e-06,3.0450449e-09,0.25,0.7735036,0.71445465,1.6546035,-5.4423656,6.5944567,0.038658405172413854,0.011764705882352941,0.03165409482758612,0.011764705882352941,0.061298654163453134,0.02823981248764508,False,Cancer cells_vs_Lymphatic EC,Cancer cells,Lymphatic EC
XRCC2,0.6139823717948718,0.3860176282051282,0.46408317033750557,4.7383737e-06,2.1562034e-06,3.0450449e-09,0.25,0.7280035,0.7208214,1.6210347,-4.4402084,6.2757454,0.04175646551724146,0.011764705882352941,0.036503232758620704,0.011764705882352941,0.05534388995101548,0.009295019263927423,False,Cancer cells_vs_Lymphatic EC,Cancer cells,Lymphatic EC
BRCA1,0.6029647435897436,0.3970352564102564,0.41783363425102593,1.1714912e-05,1.2393821e-05,3.0450449e-09,0.25,-0.5823993,-0.6028757,1.4521443,-5.9918356,5.142455,0.09226831896551792,0.03529411764705882,0.0666756465517248,0.03529411764705882,0.11451302353592634,0.07027442128772367,False,Cancer cells_vs_Lymphatic EC,Cancer cells,Lymphatic EC
RRM2,0.5935496794871795,0.4064503205128205,0.37865919999228737,5.032355e-05,1.9009107e-05,3.0450449e-09,0.25,0.6976926,0.6772604,1.7706059,-5.7790937,6.0139933,0.2289870689655185,0.03529411764705882,0.08970905172413908,0.03529411764705882,0.44173274042784977,0.054668680228856036,False,Cancer cells_vs_Lymphatic EC,Cancer cells,Lymphatic EC
FANCD2,0.5815304487179487,0.4184695512820513,0.3290591957674671,4.840633e-06,2.6256523e-06,3.0450449e-09,0.25,0.65505314,0.5680294,1.4982942,-4.3077793,6.2918777,0.03838900862068971,0.0,0.033539870689655124,0.0,0.055742164925466214,0.0,False,Cancer cells_vs_Lymphatic EC,Cancer cells,Lymphatic EC
POLE2,0.5699118589743589,0.4300881410256411,0.28149154297717527,9.140608e-06,6.1051446e-06,3.0450449e-09,0.25,0.45100814,0.4877758,1.2601339,-4.890196,4.69341,0.05185883620689682,0.011764705882352941,0.04431573275862087,0.011764705882352941,0.07740881011256522,0.03212644970604298,False,Cancer cells_vs_Lymphatic EC,Cancer cells,Lymphatic EC
CHEK1,0.5625,0.4375,0.2513144232015413,1.3784817e-05,8.666496e-06,3.0450449e-09,0.25,0.4313823,0.4624796,1.2619816,-5.050846,3.9545107,0.08647629310344906,0.0,0.07139008620689731,0.0,0.12890108234517808,0.0,False,Cancer cells_vs_Lymphatic EC,Cancer cells,Lymphatic EC
RAD54B,0.5232371794871795,0.4767628205128205,0.09301572186780338,6.2052295e-06,5.5769265e-06,3.0450449e-09,0.25,-0.30551884,-0.33678627,1.4204367,-5.43268,4.3417625,0.028825431034482683,0.0,0.026131465517241305,0.0,0.04275885725121372,0.0,False,Cancer cells_vs_Lymphatic EC,Cancer cells,Lymphatic EC
BLM,0.5230368589743589,0.4769631410256411,0.09221272036539674,9.734946e-06,1.0697162e-05,3.0450449e-09,0.25,-0.39395544,-0.33151054,1.4163888,-6.573181,4.9190187,0.0471443965517243,0.0,0.038927801724138,0.0,0.08224828622912823,0.0,False,Cancer cells_vs_Lymphatic EC,Cancer cells,Lymphatic EC
RFC4,0.5180288461538461,0.48197115384615385,0.0721466613529933,6.267451e-05,5.01044e-05,3.0450449e-09,0.25,0.24409999,0.3050089,1.2048717,-4.5948133,4.164583,0.27922952586207117,0.03529411764705882,0.17093211206896838,0.023529411764705882,0.4311317437416015,0.034633351978901904,False,Cancer cells_vs_Lymphatic EC,Cancer cells,Lymphatic EC
TYMS,0.47836538461538464,0.5216346153846154,-0.08659252708195164,5.3992702e-05,3.3633627e-05,3.0450449e-09,0.25,0.17488012,0.15859556,1.4836311,-5.113386,5.033004,0.2669719827586219,0.011764705882352941,0.1330818965517262,0.011764705882352941,0.41144852280305266,0.012808607384162157,False,Cancer cells_vs_Lymphatic EC,Cancer cells,Lymphatic EC
TTK,0.4777644230769231,0.5222355769230769,-0.08900100882868911,1.3266662e-05,8.803376e-06,3.0450449e-09,0.25,0.23446523,0.1652193,1.544297,-4.362129,5.750799,0.10627693965517294,0.011764705882352941,0.056438577586207336,0.011764705882352941,0.19563609150253208,0.02955956251847473,False,Cancer cells_vs_Lymphatic EC,Cancer cells,Lymphatic EC
BRIP1,0.45873397435897434,0.5412660256410257,-0.16544041864793602,3.8958774e-06,2.6692655e-06,3.0450449e-09,0.25,0.07976998,0.08677673,1.709555,-6.404888,6.247386,0.026400862068965462,0.0,0.022225215517241322,0.0,0.03250418830524154,0.0,False,Cancer cells_vs_Lymphatic EC,Cancer cells,Lymphatic EC
H2AFX,0.4433092948717949,0.5566907051282051,-0.22774208509713612,5.4240973e-05,3.8595215e-05,3.0450449e-09,0.25,0.19634025,0.13053274,1.0275121,-3.0490952,3.839181,0.23908943965517535,0.12941176470588234,0.15086206896551968,0.10588235294117647,0.3419836328563242,0.1526334811830235,False,Cancer cells_vs_Lymphatic EC,Cancer cells,Lymphatic EC
FANCI,0.4342948717948718,0.5657051282051282,-0.2643492307048195,1.3773789e-05,9.9455365e-06,3.0450449e-09,0.25,0.07699237,0.022967339,1.3419356,-4.3351774,4.878269,0.10344827586206977,0.023529411764705882,0.07354525862069046,0.023529411764705882,0.16771352709045223,0.014976297515318225,False,Cancer cells_vs_Lymphatic EC,Cancer cells,Lymphatic EC
EXO1,0.9509214743589743,0.04907852564102566,2.964009714767625,4.1794015e-06,3.4203444e-07,3.005075e-09,0.25,3.19828,3.158761,1.8145287,-2.7793274,9.091675,0.0413523706896552,0.0,0.030980603448275766,0.0,0.05899669361875385,0.0,True,Cancer cells_vs_Basal cells,Cancer cells,Basal cells
RAD54L,0.9479166666666666,0.05208333333333337,2.9014214126322178,1.2405882e-05,1.156257e-06,3.005075e-09,0.25,2.9358294,2.8915815,1.6637582,-2.8288193,8.210014,0.038658405172413854,0.0,0.03165409482758612,0.0,0.061298654163453134,0.0,True,Cancer cells_vs_Basal cells,Cancer cells,Basal cells
RAD51,0.946113782051282,0.05388621794871795,2.8654879152876402,9.808569e-06,1.7662906e-06,3.005075e-09,0.25,2.3228016,2.3513212,1.2940551,-2.638485,7.7525434,0.05522629310344855,0.0,0.04135237068965529,0.0,0.09942952432403473,0.0,True,Cancer cells_vs_Basal cells,Cancer cells,Basal cells
EME1,0.9126602564102564,0.08733974358974361,2.3465579776796117,2.6292134e-06,5.388353e-07,3.005075e-09,0.25,1.9938421,1.9304829,1.3486862,-2.559946,7.081334,0.019531249999999955,0.0,0.01831896551724134,0.0,0.026556511718484114,0.0,True,Cancer cells_vs_Basal cells,Cancer cells,Basal cells
CDC25C,0.9068509615384616,0.09314903846153844,2.27577724552094,6.3575667e-06,9.0539527e-07,3.005075e-09,0.25,2.2355232,2.172659,1.5903395,-2.7273426,7.5858173,0.04108297413793112,0.0,0.02990301724137922,0.0,0.0703278003465587,0.0,False,Cancer cells_vs_Basal cells,Cancer cells,Basal cells
TTK,0.8800080128205128,0.11999198717948723,1.9925059738849678,1.4027772e-05,2.5320976e-06,3.005075e-09,0.25,1.991876,1.9196901,1.5045998,-2.0157375,7.6907177,0.10627693965517294,0.0,0.056438577586207336,0.0,0.19563609150253208,0.0,False,Cancer cells_vs_Basal cells,Cancer cells,Basal cells
UBE2T,0.8677884615384616,0.13221153846153844,1.8815447089875952,7.0509835e-05,9.402655e-06,3.005075e-09,0.25,2.2190351,2.253189,1.7024103,-3.4174986,7.158266,0.5647898706896498,0.044117647058823525,0.2425915948275906,0.044117647058823525,1.0653360512104424,0.08243438990582706,False,Cancer cells_vs_Basal cells,Cancer cells,Basal cells
RRM2,0.8587740384615384,0.14122596153846156,1.8051446046217068,5.0284852e-05,6.607487e-06,3.005075e-09,0.25,2.3267674,2.338697,1.8708559,-4.313884,8.341595,0.2289870689655185,0.0,0.08970905172413908,0.0,0.44173274042784977,0.0,False,Cancer cells_vs_Basal cells,Cancer cells,Basal cells
NEIL3,0.8403445512820513,0.15965544871794868,1.6607938893760938,4.5424445e-06,5.3189984e-07,3.005075e-09,0.25,2.2508023,2.1905317,2.006814,-5.1097565,8.797582,0.024784482758620635,0.014705882352941176,0.020339439655172365,0.014705882352941176,0.03403552789641303,0.26689441656880536,False,Cancer cells_vs_Basal cells,Cancer cells,Basal cells
FEN1,0.8369391025641025,0.16306089743589747,1.6356275267354918,4.7950212e-05,1.3072477e-05,3.005075e-09,0.25,1.5315005,1.5161157,1.2940769,-3.4910297,6.896452,0.23410560344827824,0.044117647058823525,0.13806573275862286,0.044117647058823525,0.3652160990714279,0.14729957522947212,False,Cancer cells_vs_Basal cells,Cancer cells,Basal cells
FANCA,0.8257211538461539,0.17427884615384615,1.5556005045330923,1.6681355e-05,6.1682235e-06,3.005075e-09,0.25,1.526922,1.5232639,1.3393257,-3.5646458,7.213372,0.09630926724138023,0.044117647058823525,0.07327586206896632,0.044117647058823525,0.11583185952115005,0.07270411961364412,False,Cancer cells_vs_Basal cells,Cancer cells,Basal cells
XRCC2,0.8058894230769231,0.19411057692307687,1.4235185209506462,4.8930865e-06,1.1668072e-06,3.005075e-09,0.25,1.6833872,1.6995888,1.7134572,-4.6702805,7.6903057,0.04175646551724146,0.0,0.036503232758620704,0.0,0.05534388995101548,0.0,False,Cancer cells_vs_Basal cells,Cancer cells,Basal cells
POLQ,0.8042868589743589,0.19571314102564108,1.4133059356762658,4.247699e-06,8.711951e-07,3.005075e-09,0.25,1.8723736,1.9775801,1.9431447,-5.7959747,8.117505,0.015490301724137909,0.0,0.013469827586206877,0.0,0.020717238520384828,0.0,False,Cancer cells_vs_Basal cells,Cancer cells,Basal cells
BLM,0.7880608974358975,0.21193910256410253,1.313276352036771,9.7599595e-06,3.3886677e-06,3.005075e-09,0.25,1.3813144,1.4214029,1.4737042,-3.9225636,6.625922,0.0471443965517243,0.0,0.038927801724138,0.0,0.08224828622912823,0.0,False,Cancer cells_vs_Basal cells,Cancer cells,Basal cells
POLE2,0.7694310897435898,0.23056891025641024,1.2051015892496568,9.154082e-06,3.6626275e-06,3.005075e-09,0.25,1.1369728,1.1406403,1.1806335,-3.1753483,5.4647846,0.05185883620689682,0.014705882352941176,0.04431573275862087,0.014705882352941176,0.07740881011256522,0.04199281083078577,False,Cancer cells_vs_Basal cells,Cancer cells,Basal cells
FANCD2,0.7650240384615384,0.23497596153846156,1.1804240090859817,4.983569e-06,1.6623871e-06,3.005075e-09,0.25,1.3415464,1.2787104,1.4651691,-4.672806,7.709009,0.03838900862068971,0.014705882352941176,0.033539870689655124,0.014705882352941176,0.055742164925466214,0.009402738077328117,False,Cancer cells_vs_Basal cells,Cancer cells,Basal cells
FANCB,0.7594150641025641,0.2405849358974359,1.1494752650390194,4.683233e-06,1.4593959e-06,3.005075e-09,0.25,1.2388239,1.2309799,1.3999578,-4.063118,6.5749817,0.026670258620689585,0.0,0.024245689655172348,0.0,0.04650415340813736,0.0,False,Cancer cells_vs_Basal cells,Cancer cells,Basal cells
TYMS,0.7467948717948718,0.2532051282051282,1.081590574995567,5.4047418e-05,1.5325595e-05,3.005075e-09,0.25,1.2859834,1.2928557,1.4902579,-3.9325752,6.828368,0.2669719827586219,0.10294117647058824,0.1330818965517262,0.08823529411764706,0.41144852280305266,0.1666996700558054,False,Cancer cells_vs_Basal cells,Cancer cells,Basal cells
FANCI,0.7251602564102564,0.2748397435897436,0.9702044739392024,1.3891721e-05,4.9783907e-06,3.005075e-09,0.25,1.0968184,1.0229154,1.3301313,-3.402895,6.2417955,0.10344827586206977,0.014705882352941176,0.07354525862069046,0.014705882352941176,0.16771352709045223,0.0418494090863437,False,Cancer cells_vs_Basal cells,Cancer cells,Basal cells
RFC4,0.696113782051282,0.30388621794871795,0.828859760108775,6.409357e-05,3.2807784e-05,3.005075e-09,0.25,0.8068282,0.85696125,1.1839668,-4.100733,4.6589737,0.27922952586207117,0.044117647058823525,0.17093211206896838,0.044117647058823525,0.4311317437416015,0.12810955798064522,False,Cancer cells_vs_Basal cells,Cancer cells,Basal cells
CDC25A,0.6486378205128205,0.3513621794871795,0.6130569482617151,1.9461456e-06,7.950043e-07,3.005075e-09,0.25,0.79682666,0.7634382,1.4068067,-4.1106052,7.160838,0.0099676724137931,0.0,0.009563577586206894,0.0,0.011353842383066425,0.0,False,Cancer cells_vs_Basal cells,Cancer cells,Basal cells
CHEK1,0.6326121794871795,0.3673878205128205,0.5434395305874578,1.3868881e-05,7.287962e-06,3.005075e-09,0.25,0.6469364,0.66143894,1.2049222,-5.268614,5.1599054,0.08647629310344906,0.0,0.07139008620689731,0.0,0.12890108234517808,0.0,False,Cancer cells_vs_Basal cells,Cancer cells,Basal cells
BRCA1,0.4905849358974359,0.5094150641025641,-0.03766470771647967,1.1992508e-05,7.345389e-06,3.005075e-09,0.25,0.23381771,0.21104622,1.520049,-5.801695,6.17819,0.09226831896551792,0.0,0.0666756465517248,0.0,0.11451302353592634,0.0,False,Cancer cells_vs_Basal cells,Cancer cells,Basal cells
RAD54B,0.4765625,0.5234375,-0.09381875333852596,6.3697235e-06,4.1307358e-06,3.005075e-09,0.25,0.19926777,0.16206932,1.4904093,-4.696327,5.5718346,0.028825431034482683,0.0,0.026131465517241305,0.0,0.04275885725121372,0.0,False,Cancer cells_vs_Basal cells,Cancer cells,Basal cells
BRIP1,0.4745592948717949,0.5254407051282051,-0.10185077366754902,4.0217974e-06,2.6052371e-06,3.005075e-09,0.25,0.10533537,0.13945198,1.7464341,-6.8402824,7.0204506,0.026400862068965462,0.0,0.022225215517241322,0.0,0.03250418830524154,0.0,False,Cancer cells_vs_Basal cells,Cancer cells,Basal cells
H2AFX,0.41065705128205127,0.5893429487179487,-0.3612498216457586,5.4018386e-05,3.9863e-05,3.005075e-09,0.25,0.0704408,-0.029038906,1.0060812,-2.9691076,4.1299944,0.23908943965517535,0.08823529411764706,0.15086206896551968,0.08823529411764706,0.3419836328563242,0.10962510009402796,False,Cancer cells_vs_Basal cells,Cancer cells,Basal cells
RAD51,0.9713541666666666,0.02864583333333337,3.5236828080495015,9.978129e-06,1.2960107e-06,3.0512095e-09,0.25,2.7269843,2.7366314,1.2599753,-2.6610794,7.5686903,0.05522629310344855,0.0,0.04135237068965529,0.0,0.09942952432403473,0.0,True,Cancer cells_vs_Secretory club cells,Cancer cells,Secretory club cells
RAD54L,0.9577323717948718,0.042267628205128194,3.1205466490037175,1.248949e-05,9.838548e-07,3.0512095e-09,0.25,3.0605018,3.03716,1.6487281,-2.6463127,9.0024395,0.038658405172413854,0.0,0.03165409482758612,0.0,0.061298654163453134,0.0,True,Cancer cells_vs_Secretory club cells,Cancer cells,Secretory club cells
EXO1,0.9549278846153846,0.04507211538461542,3.053371841605758,4.2501147e-06,3.1649617e-07,3.0512095e-09,0.25,3.1999516,3.184411,1.7374259,-3.7097168,9.821391,0.0413523706896552,0.0,0.030980603448275766,0.0,0.05899669361875385,0.0,True,Cancer cells_vs_Secretory club cells,Cancer cells,Secretory club cells
TTK,0.9425080128205128,0.057491987179487225,2.7968986729325804,1.3536655e-05,1.7232824e-06,3.0512095e-09,0.25,2.4912496,2.4142246,1.4868163,-3.2969112,8.234619,0.10627693965517294,0.0,0.056438577586207336,0.0,0.19563609150253208,0.0,True,Cancer cells_vs_Secretory club cells,Cancer cells,Secretory club cells
EME1,0.9302884615384616,0.06971153846153844,2.591128730344397,2.6466405e-06,4.595555e-07,3.0512095e-09,0.25,2.1570904,2.0869646,1.3501368,-2.0667248,7.105418,0.019531249999999955,0.0,0.01831896551724134,0.0,0.026556511718484114,0.0,True,Cancer cells_vs_Secretory club cells,Cancer cells,Secretory club cells
FEN1,0.9230769230769231,0.07692307692307687,2.484906530621343,4.7986214e-05,8.83563e-06,3.0512095e-09,0.25,2.1354508,2.10493,1.3774662,-3.5915565,8.138417,0.23410560344827824,0.037037037037037035,0.13806573275862286,0.02962962962962963,0.3652160990714279,0.06384012022145526,True,Cancer cells_vs_Secretory club cells,Cancer cells,Secretory club cells
POLE2,0.8924278846153846,0.10757211538461542,2.115784163640542,9.202437e-06,2.3099265e-06,3.0512095e-09,0.25,1.8321359,1.826747,1.2607952,-2.972889,6.086177,0.05185883620689682,0.0,0.04431573275862087,0.0,0.07740881011256522,0.0,False,Cancer cells_vs_Secretory club cells,Cancer cells,Secretory club cells
FANCD2,0.890625,0.109375,2.09714103857874,4.958726e-06,1.0216739e-06,3.0512095e-09,0.25,2.0732408,1.9636688,1.525778,-3.993599,7.769471,0.03838900862068971,0.0,0.033539870689655124,0.0,0.055742164925466214,0.0,False,Cancer cells_vs_Secretory club cells,Cancer cells,Secretory club cells
RFC4,0.8800080128205128,0.11999198717948723,1.9925059738849678,6.2889456e-05,1.6902497e-05,3.0512095e-09,0.25,1.7279336,1.7621226,1.2482966,-3.0394392,6.0140753,0.27922952586207117,0.014814814814814815,0.17093211206896838,0.014814814814814815,0.4311317437416015,0.018402346624947424,False,Cancer cells_vs_Secretory club cells,Cancer cells,Secretory club cells
RRM2,0.8747996794871795,0.12520032051282048,1.9440798353083513,5.035494e-05,6.207765e-06,3.0512095e-09,0.25,2.4251454,2.4178014,1.8858906,-4.3562355,8.6623955,0.2289870689655185,0.007407407407407408,0.08970905172413908,0.007407407407407408,0.44173274042784977,0.007713638870568996,False,Cancer cells_vs_Secretory club cells,Cancer cells,Secretory club cells
CDC25C,0.8725961538461539,0.12740384615384615,1.9241108536822213,6.067832e-06,9.989585e-07,3.0512095e-09,0.25,1.9477228,1.8890152,1.5287374,-3.831398,7.60108,0.04108297413793112,0.0,0.02990301724137922,0.0,0.0703278003465587,0.0,False,Cancer cells_vs_Secretory club cells,Cancer cells,Secretory club cells
UBE2T,0.8707932692307693,0.12920673076923073,1.907990848281456,6.967857e-05,9.435741e-06,3.0512095e-09,0.25,2.2022195,2.1998596,1.6875917,-3.6489964,7.097165,0.5647898706896498,0.02962962962962963,0.2425915948275906,0.02962962962962963,1.0653360512104424,0.05951497608459926,False,Cancer cells_vs_Secretory club cells,Cancer cells,Secretory club cells
NEIL3,0.8265224358974359,0.1734775641025641,1.561178739523307,4.4180506e-06,5.574188e-07,3.0512095e-09,0.25,2.1691084,2.081318,2.0375202,-5.6890907,8.973971,0.024784482758620635,0.0,0.020339439655172365,0.0,0.03403552789641303,0.0,False,Cancer cells_vs_Secretory club cells,Cancer cells,Secretory club cells
XRCC2,0.7958733974358975,0.20412660256410253,1.360699686167483,4.8705333e-06,1.237166e-06,3.0512095e-09,0.25,1.5933595,1.561122,1.6378877,-5.2269993,7.5529594,0.04175646551724146,0.007407407407407408,0.036503232758620704,0.007407407407407408,0.05534388995101548,0.013096547750013097,False,Cancer cells_vs_Secretory club cells,Cancer cells,Secretory club cells
POLQ,0.7746394230769231,0.22536057692307687,1.2346959455046764,4.273872e-06,9.847325e-07,3.0512095e-09,0.25,1.6970768,1.7082186,1.9534005,-5.2199516,8.524557,0.015490301724137909,0.0,0.013469827586206877,0.0,0.020717238520384828,0.0,False,Cancer cells_vs_Secretory club cells,Cancer cells,Secretory club cells
RAD54B,0.7678285256410257,0.23217147435897434,1.196090191992932,6.3193156e-06,1.8433542e-06,3.0512095e-09,0.25,1.3668405,1.3680325,1.5046755,-5.5146914,6.5935116,0.028825431034482683,0.0,0.026131465517241305,0.0,0.04275885725121372,0.0,False,Cancer cells_vs_Secretory club cells,Cancer cells,Secretory club cells
TYMS,0.7568108974358975,0.24318910256410253,1.1352740485350892,5.4839376e-05,1.49674825e-05,3.0512095e-09,0.25,1.4285986,1.3977952,1.6073171,-4.8235245,8.13292,0.2669719827586219,0.037037037037037035,0.1330818965517262,0.037037037037037035,0.41144852280305266,0.06455764262291781,False,Cancer cells_vs_Secretory club cells,Cancer cells,Secretory club cells
BLM,0.7550080128205128,0.24499198717948723,1.1255028300071948,9.706042e-06,3.6014717e-06,3.0512095e-09,0.25,1.2354052,1.3039179,1.4907485,-5.466509,6.071354,0.0471443965517243,0.0,0.038927801724138,0.0,0.08224828622912823,0.0,False,Cancer cells_vs_Secretory club cells,Cancer cells,Secretory club cells
CDC25A,0.7185496794871795,0.2814503205128205,0.9372788741511104,1.9993465e-06,6.1286465e-07,3.0512095e-09,0.25,1.1424307,1.0862179,1.5102514,-3.446333,7.5409403,0.0099676724137931,0.0,0.009563577586206894,0.0,0.011353842383066425,0.0,False,Cancer cells_vs_Secretory club cells,Cancer cells,Secretory club cells
CHEK1,0.7021233974358975,0.29787660256410253,0.8574298336800986,1.3903509e-05,5.984755e-06,3.0512095e-09,0.25,0.91440785,0.91172695,1.2457706,-4.072136,5.3472023,0.08647629310344906,0.007407407407407408,0.07139008620689731,0.007407407407407408,0.12890108234517808,0.004511485113226997,False,Cancer cells_vs_Secretory club cells,Cancer cells,Secretory club cells
FANCI,0.6909054487179487,0.3090945512820513,0.8043557426948809,1.3908611e-05,5.340776e-06,3.0512095e-09,0.25,0.95676666,0.86772346,1.3242917,-3.6635284,5.3038683,0.10344827586206977,0.007407407407407408,0.07354525862069046,0.007407407407407408,0.16771352709045223,0.007454369938016914,False,Cancer cells_vs_Secretory club cells,Cancer cells,Secretory club cells
BRCA1,0.686698717948718,0.31330128205128205,0.784730341256683,1.2013811e-05,4.6854766e-06,3.0512095e-09,0.25,0.95534194,0.94403267,1.5572808,-5.6155195,7.4388084,0.09226831896551792,0.0,0.0666756465517248,0.0,0.11451302353592634,0.0,False,Cancer cells_vs_Secretory club cells,Cancer cells,Secretory club cells
FANCB,0.6640625,0.3359375,0.6814511260881362,4.741114e-06,1.8074536e-06,3.0512095e-09,0.25,0.8681128,0.88701344,1.4635648,-4.3897285,5.7079926,0.026670258620689585,0.007407407407407408,0.024245689655172348,0.007407407407407408,0.04650415340813736,0.07756447547023465,False,Cancer cells_vs_Secretory club cells,Cancer cells,Secretory club cells
FANCA,0.5957532051282052,0.4042467948717948,0.3878009181546569,1.614495e-05,1.0778482e-05,3.0512095e-09,0.25,0.5160069,0.52885914,1.204584,-5.6721516,4.692993,0.09630926724138023,0.02962962962962963,0.07327586206896632,0.02962962962962963,0.11583185952115005,0.10096482166734193,False,Cancer cells_vs_Secretory club cells,Cancer cells,Secretory club cells
H2AFX,0.5488782051282052,0.4511217948717948,0.1961392061745506,5.376313e-05,2.9837545e-05,3.0512095e-09,0.25,0.43954185,0.3746643,1.0838625,-2.733097,4.1832314,0.23908943965517535,0.10370370370370367,0.15086206896551968,0.08888888888888886,0.3419836328563242,0.19469667556389122,False,Cancer cells_vs_Secretory club cells,Cancer cells,Secretory club cells
BRIP1,0.46694711538461536,0.5330528846153846,-0.13240462928609542,4.0333307e-06,2.884524e-06,3.0512095e-09,0.25,0.13220678,0.092757225,1.892898,-7.0869865,8.109178,0.026400862068965462,0.0,0.022225215517241322,0.0,0.03250418830524154,0.0,False,Cancer cells_vs_Secretory club cells,Cancer cells,Secretory club cells
EME1,0.9667467948717948,0.03325320512820518,3.369785167449556,2.5205325e-06,3.4648454e-07,3.0521474e-09,0.25,2.6081903,2.5489264,1.3280976,-2.2396507,7.3217278,0.019531249999999955,0.0,0.01831896551724134,0.0,0.026556511718484114,0.0,True,Cancer cells_vs_Epithelial cells,Cancer cells,Epithelial cells
RAD51,0.9575320512820513,0.04246794871794868,3.1156093257853343,9.9203635e-06,1.5762987e-06,3.0521474e-09,0.25,2.5173802,2.5038252,1.3723966,-2.5490093,7.946726,0.05522629310344855,0.0,0.04135237068965529,0.0,0.09942952432403473,0.0,True,Cancer cells_vs_Epithelial cells,Cancer cells,Epithelial cells
EXO1,0.9240785256410257,0.07592147435897434,2.4990973575819546,4.159828e-06,3.9476507e-07,3.0521474e-09,0.25,2.8453689,2.8095102,1.8411778,-3.6874542,9.053986,0.0413523706896552,0.0,0.030980603448275766,0.0,0.05899669361875385,0.0,True,Cancer cells_vs_Epithelial cells,Cancer cells,Epithelial cells
POLE2,0.9056490384615384,0.09435096153846156,2.2616302983327365,8.9549e-06,2.3234502e-06,3.0521474e-09,0.25,1.7683424,1.7853651,1.13906,-2.3978014,6.14892,0.05185883620689682,0.005249343832020997,0.04431573275862087,0.005249343832020997,0.07740881011256522,0.005163520161578438,False,Cancer cells_vs_Epithelial cells,Cancer cells,Epithelial cells
RFC4,0.8687900641025641,0.1312099358974359,1.8903028434966371,6.373904e-05,1.6556249e-05,3.0521474e-09,0.25,1.7138445,1.7975588,1.2470168,-3.7730627,5.2744007,0.27922952586207117,0.03937007874015748,0.17093211206896838,0.03674540682414698,0.4311317437416015,0.048680196841504215,False,Cancer cells_vs_Epithelial cells,Cancer cells,Epithelial cells
FEN1,0.8421474358974359,0.1578525641025641,1.6742935906631162,4.821255e-05,1.2504629e-05,3.0521474e-09,0.25,1.5988284,1.610496,1.3368528,-4.4897213,6.0808926,0.23410560344827824,0.05249343832020997,0.13806573275862286,0.05249343832020997,0.3652160990714279,0.08570340795319598,False,Cancer cells_vs_Epithelial cells,Cancer cells,Epithelial cells
RAD54L,0.8389423076923077,0.1610576923076923,1.6503792526416816,1.214933e-05,2.229961e-06,3.0521474e-09,0.25,1.9608625,1.899477,1.7339944,-3.3456154,7.9419775,0.038658405172413854,0.0,0.03165409482758612,0.0,0.061298654163453134,0.0,False,Cancer cells_vs_Epithelial cells,Cancer cells,Epithelial cells
BLM,0.8381410256410257,0.16185897435897434,1.6444608973726538,9.742779e-06,2.6640778e-06,3.0521474e-09,0.25,1.6746758,1.730566,1.4888047,-5.6243477,6.8681316,0.0471443965517243,0.0026246719160104987,0.038927801724138,0.0026246719160104987,0.08224828622912823,0.001703005395802296,False,Cancer cells_vs_Epithelial cells,Cancer cells,Epithelial cells
UBE2T,0.813301282051282,0.18669871794871795,1.4716053966435232,6.93996e-05,1.1870028e-05,3.0521474e-09,0.25,1.7799598,1.7655072,1.6813018,-4.3688517,6.738617,0.5647898706896498,0.04199475065616798,0.2425915948275906,0.03674540682414698,1.0653360512104424,0.05973162670680754,False,Cancer cells_vs_Epithelial cells,Cancer cells,Epithelial cells
TYMS,0.8112980769230769,0.18870192307692313,1.4584668448565181,5.4677483e-05,1.2672169e-05,3.0521474e-09,0.25,1.6923703,1.6744943,1.6251382,-5.6443825,6.9903584,0.2669719827586219,0.03412073490813648,0.1330818965517262,0.026246719160104987,0.41144852280305266,0.02755660654971346,False,Cancer cells_vs_Epithelial cells,Cancer cells,Epithelial cells
RRM2,0.7808493589743589,0.21915064102564108,1.270622864261435,5.0827704e-05,1.00669395e-05,3.0521474e-09,0.25,1.8400971,1.7845349,2.011016,-4.193776,8.078114,0.2289870689655185,0.013123359580052493,0.08970905172413908,0.010498687664041995,0.44173274042784977,0.012401591964006883,False,Cancer cells_vs_Epithelial cells,Cancer cells,Epithelial cells
NEIL3,0.7684294871794872,0.23157051282051277,1.199464356601172,4.140821e-06,6.434944e-07,3.0521474e-09,0.25,1.7184296,1.6408806,1.9254311,-4.8521614,8.89429,0.024784482758620635,0.0,0.020339439655172365,0.0,0.03403552789641303,0.0,False,Cancer cells_vs_Epithelial cells,Cancer cells,Epithelial cells
CDC25C,0.7361778846153846,0.2638221153846154,1.026196685583002,6.0848124e-06,1.674628e-06,3.0521474e-09,0.25,1.3811241,1.3298874,1.6998668,-3.9568443,7.0497904,0.04108297413793112,0.0,0.02990301724137922,0.0,0.0703278003465587,0.0,False,Cancer cells_vs_Epithelial cells,Cancer cells,Epithelial cells
XRCC2,0.6879006410256411,0.3120993589743589,0.7903227975226328,4.8031925e-06,1.6433495e-06,3.0521474e-09,0.25,1.0775768,1.0829554,1.641807,-4.3264904,7.39606,0.04175646551724146,0.005249343832020997,0.036503232758620704,0.005249343832020997,0.05534388995101548,0.003264812922187635,False,Cancer cells_vs_Epithelial cells,Cancer cells,Epithelial cells
FANCI,0.6840945512820513,0.3159054487179487,0.772653168004674,1.3860925e-05,5.2731425e-06,3.0521474e-09,0.25,0.93702495,0.86580944,1.3485998,-3.5499344,5.633363,0.10344827586206977,0.028871391076115485,0.07354525862069046,0.023622047244094488,0.16771352709045223,0.02752305227584709,False,Cancer cells_vs_Epithelial cells,Cancer cells,Epithelial cells
FANCA,0.6235977564102564,0.3764022435897436,0.5048471604967981,1.6189402e-05,8.725988e-06,3.0521474e-09,0.25,0.6623489,0.6234584,1.2534316,-3.566553,5.4769907,0.09630926724138023,0.026246719160104987,0.07327586206896632,0.026246719160104987,0.11583185952115005,0.031154461592288796,False,Cancer cells_vs_Epithelial cells,Cancer cells,Epithelial cells
FANCB,0.6137820512820513,0.3862179487179487,0.4632380460903035,4.6408527e-06,2.3314367e-06,3.0521474e-09,0.25,0.6846157,0.7009783,1.5333093,-4.580349,5.627347,0.026670258620689585,0.007874015748031496,0.024245689655172348,0.007874015748031496,0.04650415340813736,0.03034666975786449,False,Cancer cells_vs_Epithelial cells,Cancer cells,Epithelial cells
FANCD2,0.6123798076923077,0.3876201923076923,0.45732670695823807,4.893453e-06,2.3265054e-06,3.0521474e-09,0.25,0.7181245,0.6726332,1.4707531,-4.302082,6.242855,0.03838900862068971,0.015748031496062992,0.033539870689655124,0.015748031496062992,0.055742164925466214,0.061118575842056336,False,Cancer cells_vs_Epithelial cells,Cancer cells,Epithelial cells
RAD54B,0.6121794871794872,0.3878205128205128,0.45648287299984386,6.1542114e-06,8.179031e-06,3.0521474e-09,0.25,-0.69055665,-0.7173939,1.460123,-5.743373,5.489892,0.028825431034482683,0.013123359580052493,0.026131465517241305,0.013123359580052493,0.04275885725121372,0.03788840594818168,False,Cancer cells_vs_Epithelial cells,Cancer cells,Epithelial cells
TTK,0.5751201923076923,0.4248798076923077,0.30277271940798356,1.3490588e-05,6.636186e-06,3.0521474e-09,0.25,0.60205126,0.5756693,1.597431,-4.359872,6.1386595,0.10627693965517294,0.007874015748031496,0.056438577586207336,0.007874015748031496,0.19563609150253208,0.007562400548926282,False,Cancer cells_vs_Epithelial cells,Cancer cells,Epithelial cells
POLQ,0.5610977564102564,0.4389022435897436,0.2456184307027316,4.157209e-06,1.9981499e-06,3.0521474e-09,0.25,0.47762293,0.5252342,1.8709633,-6.4272594,8.2595625,0.015490301724137909,0.0,0.013469827586206877,0.0,0.020717238520384828,0.0,False,Cancer cells_vs_Epithelial cells,Cancer cells,Epithelial cells
CDC25A,0.5392628205128205,0.4607371794871795,0.1573752856868631,1.8933634e-06,1.1615887e-06,3.0521474e-09,0.25,0.40014586,0.38126087,1.4069703,-3.8222408,5.2573805,0.0099676724137931,0.0026246719160104987,0.009563577586206894,0.0026246719160104987,0.011353842383066425,0.0011323002226102236,False,Cancer cells_vs_Epithelial cells,Cancer cells,Epithelial cells
CHEK1,0.5314503205128205,0.4685496794871795,0.1259675850275409,1.3794578e-05,9.134747e-06,3.0521474e-09,0.25,0.34395137,0.3658409,1.317722,-5.714081,4.655533,0.08647629310344906,0.007874015748031496,0.07139008620689731,0.007874015748031496,0.12890108234517808,0.023213474739537273,False,Cancer cells_vs_Epithelial cells,Cancer cells,Epithelial cells
BRIP1,0.48998397435897434,0.5100160256410257,-0.04006946206863071,3.904005e-06,3.42616e-06,3.0521474e-09,0.25,-0.19289188,-0.21523666,1.868313,-6.4541416,8.188244,0.026400862068965462,0.0,0.022225215517241322,0.0,0.03250418830524154,0.0,False,Cancer cells_vs_Epithelial cells,Cancer cells,Epithelial cells
BRCA1,0.45332532051282054,0.5466746794871795,-0.18724387130800257,1.1612306e-05,7.5828525e-06,3.0521474e-09,0.25,0.113303855,0.08471298,1.467512,-5.491373,6.833935,0.09226831896551792,0.031496062992125984,0.0666756465517248,0.028871391076115485,0.11451302353592634,0.043826982374041215,False,Cancer cells_vs_Epithelial cells,Cancer cells,Epithelial cells
H2AFX,0.4250801282051282,0.5749198717948718,-0.3019529834484904,5.2483687e-05,4.023158e-05,3.0521474e-09,0.25,0.12979354,0.066832066,0.99803364,-3.567133,3.7361193,0.23908943965517535,0.12335958005249344,0.15086206896551968,0.10236220472440945,0.3419836328563242,0.18221197257869587,False,Cancer cells_vs_Epithelial cells,Cancer cells,Epithelial cells
